,Time,Day,Week,Month,Year,Holiday,Increase,Integrated Load
0,1/2/2016,2,53,1,2016,1,3.456256751,402300
1,1/3/2016,3,53,1,2016,1,-0.914740244,398620
2,1/4/2016,4,1,1,2016,0,15.46134163,460252
3,1/5/2016,5,1,1,2016,0,5.299053562,484641
4,1/6/2016,6,1,1,2016,0,-4.214666114,464215
5,1/7/2016,7,1,1,2016,0,-3.14143231,449632
6,1/8/2016,8,1,1,2016,0,-2.295877518,439309
7,1/9/2016,9,1,1,2016,1,-9.564338541,397292
8,1/10/2016,10,1,1,2016,1,-2.170192201,388670
9,1/11/2016,11,2,1,2016,0,15.39738081,448515
10,1/12/2016,12,2,1,2016,0,3.067678896,462274
11,1/13/2016,13,2,1,2016,0,2.039050433,471700
12,1/14/2016,14,2,1,2016,0,-1.226203095,465916
13,1/15/2016,15,2,1,2016,0,-6.893731917,433797
14,1/16/2016,16,2,1,2016,1,-7.705908524,400369
15,1/17/2016,17,2,1,2016,1,1.945205548,408157
16,1/18/2016,18,3,1,2016,0,13.06458054,461481
17,1/19/2016,19,3,1,2016,0,5.47823204,486762
18,1/20/2016,20,3,1,2016,0,-3.970729022,467434
19,1/21/2016,21,3,1,2016,0,-0.721171331,464063
20,1/22/2016,22,3,1,2016,0,1.08347358,469091
21,1/23/2016,23,3,1,2016,1,-4.966626944,445793
22,1/24/2016,24,3,1,2016,1,-3.332937036,430935
23,1/25/2016,25,4,1,2016,0,4.954343462,452285
24,1/26/2016,26,4,1,2016,0,-1.824292205,444034
25,1/27/2016,27,4,1,2016,0,-0.871104465,440166
26,1/28/2016,28,4,1,2016,0,-3.301708901,425633
27,1/29/2016,29,4,1,2016,0,4.361738869,444198
28,1/30/2016,30,4,1,2016,1,-6.526819121,415206
29,1/31/2016,31,4,1,2016,1,-5.874674258,390814
30,2/1/2016,1,5,2,2016,0,7.049389224,418364
31,2/2/2016,2,5,2,2016,0,1.046696178,422743
32,2/3/2016,3,5,2,2016,0,0.852763972,426348
33,2/4/2016,4,5,2,2016,0,-2.253558126,416740
34,2/5/2016,5,5,2,2016,0,4.499928013,435493
35,2/6/2016,6,5,2,2016,1,-5.603075136,411092
36,2/7/2016,7,5,2,2016,1,-3.498486957,396710
37,2/8/2016,8,6,2,2016,0,11.0697991,440625
38,2/9/2016,9,6,2,2016,0,1.758411348,448373
39,2/10/2016,10,6,2,2016,0,0.292390487,449684
40,2/11/2016,11,6,2,2016,0,6.19168127,477527
41,2/12/2016,12,6,2,2016,0,0.878274946,481721
42,2/13/2016,13,6,2,2016,1,-1.982060155,472173
43,2/14/2016,14,6,2,2016,1,3.161129501,487099
44,2/15/2016,15,7,2,2016,0,1.456788045,494195
45,2/16/2016,16,7,2,2016,0,-8.50231184,452177
46,2/17/2016,17,7,2,2016,0,-1.218107069,446669
47,2/18/2016,18,7,2,2016,0,1.382455465,452844
48,2/19/2016,19,7,2,2016,0,0.531308795,455250
49,2/20/2016,20,7,2,2016,1,-13.6081274,393299
50,2/21/2016,21,7,2,2016,1,-2.137559465,384892
51,2/22/2016,22,8,2,2016,0,9.949804101,423188
52,2/23/2016,23,8,2,2016,0,5.051655529,444566
53,2/24/2016,24,8,2,2016,0,-0.490365885,442386
54,2/25/2016,25,8,2,2016,0,-3.532435475,426759
55,2/26/2016,26,8,2,2016,0,4.085912658,444196
56,2/27/2016,27,8,2,2016,1,-6.610145071,414834
57,2/28/2016,28,8,2,2016,1,-8.274153035,380510
58,2/29/2016,29,9,2,2016,0,9.096738588,415124
59,3/1/2016,1,9,3,2016,0,2.010001831,423468
60,3/2/2016,2,9,3,2016,0,1.541084568,429994
61,3/3/2016,3,9,3,2016,0,3.832611618,446474
62,3/4/2016,4,9,3,2016,0,-0.589731989,443841
63,3/5/2016,5,9,3,2016,1,-7.759084898,409403
64,3/6/2016,6,9,3,2016,1,-4.505340703,390958
65,3/7/2016,7,10,3,2016,0,6.475631654,416275
66,3/8/2016,8,10,3,2016,0,-3.31391508,402480
67,3/9/2016,9,10,3,2016,0,-2.149672033,393828
68,3/10/2016,10,10,3,2016,0,0.581726033,396119
69,3/11/2016,11,10,3,2016,0,-0.954511144,392338
70,3/12/2016,12,10,3,2016,1,-7.28198645,363768
71,3/13/2016,13,10,3,2016,1,-5.838336522,342530
72,3/14/2016,14,11,3,2016,0,18.59253204,406215
73,3/15/2016,15,11,3,2016,0,-0.884506973,402622
74,3/16/2016,16,11,3,2016,0,-2.533641977,392421
75,3/17/2016,17,11,3,2016,0,0.007899679,392452
76,3/18/2016,18,11,3,2016,0,0.900747098,395987
77,3/19/2016,19,11,3,2016,1,-4.755711677,377155
78,3/20/2016,20,11,3,2016,1,1.568851003,383072
79,3/21/2016,21,12,3,2016,0,8.597600451,416007
80,3/22/2016,22,12,3,2016,0,-1.409351285,410144
81,3/23/2016,23,12,3,2016,0,-2.298461028,400717
82,3/24/2016,24,12,3,2016,0,-0.574969367,398413
83,3/25/2016,25,12,3,2016,0,-3.015212857,386400
84,3/26/2016,26,12,3,2016,1,-5.988354037,363261
85,3/27/2016,27,12,3,2016,1,-4.652577623,346360
86,3/28/2016,28,13,3,2016,0,14.65094122,397105
87,3/29/2016,29,13,3,2016,0,0.74690573,400071
88,3/30/2016,30,13,3,2016,0,-0.744367875,397093
89,3/31/2016,31,13,3,2016,0,-1.258647219,392095
90,4/1/2016,1,13,4,2016,0,0.062229817,392339
91,4/2/2016,2,13,4,2016,1,-6.891744129,365300
92,4/3/2016,3,13,4,2016,1,3.803175472,379193
93,4/4/2016,4,14,4,2016,0,13.8570596,431738
94,4/5/2016,5,14,4,2016,0,-0.372911349,430128
95,4/6/2016,6,14,4,2016,0,-1.027833575,425707
96,4/7/2016,7,14,4,2016,0,-4.456821241,406734
97,4/8/2016,8,14,4,2016,0,-0.146287254,406139
98,4/9/2016,9,14,4,2016,1,-4.706762956,387023
99,4/10/2016,10,14,4,2016,1,-2.662632453,376718
100,4/11/2016,11,15,4,2016,0,3.2988867,389145.5
101,4/12/2016,12,15,4,2016,0,3.19353558,401573
102,4/13/2016,13,15,4,2016,0,-1.502093019,395541
103,4/14/2016,14,15,4,2016,0,-1.304289568,390382
104,4/15/2016,15,15,4,2016,0,-2.030319021,382456
105,4/16/2016,16,15,4,2016,1,-8.458227875,350107
106,4/17/2016,17,15,4,2016,1,-1.798878629,343809
107,4/18/2016,18,16,4,2016,0,11.79724789,384369
108,4/19/2016,19,16,4,2016,0,0.0101465,384408
109,4/20/2016,20,16,4,2016,0,-0.732815134,381591
110,4/21/2016,21,16,4,2016,0,1.078641792,385707
111,4/22/2016,22,16,4,2016,0,1.992445042,393392
112,4/23/2016,23,16,4,2016,1,-9.657796803,355399
113,4/24/2016,24,16,4,2016,1,3.412221194,367526
114,4/25/2016,25,17,4,2016,0,3.299630502,379653
115,4/26/2016,26,17,4,2016,0,2.762259221,390140
116,4/27/2016,27,17,4,2016,0,-2.404521454,380759
117,4/28/2016,28,17,4,2016,0,-0.122912393,380291
118,4/29/2016,29,17,4,2016,0,-0.513817051,378337
119,4/30/2016,30,17,4,2016,1,-8.638594692,345654
120,5/1/2016,1,17,5,2016,1,2.422075254,354026
121,5/2/2016,2,18,5,2016,0,10.06282024,389651
122,5/3/2016,3,18,5,2016,0,-0.200949054,388868
123,5/4/2016,4,18,5,2016,0,0.072775338,389151
124,5/5/2016,5,18,5,2016,0,-0.461774478,387354
125,5/6/2016,6,18,5,2016,0,0.020394781,387433
126,5/7/2016,7,18,5,2016,1,-9.211915351,351743
127,5/8/2016,8,18,5,2016,1,-3.524163949,339347
128,5/9/2016,9,19,5,2016,0,12.52199076,381840
129,5/10/2016,10,19,5,2016,0,-0.38602556,380366
130,5/11/2016,11,19,5,2016,0,0.787662409,383362
131,5/12/2016,12,19,5,2016,0,2.432426792,392687
132,5/13/2016,13,19,5,2016,0,-0.981443236,388833
133,5/14/2016,14,19,5,2016,1,-8.488734238,355826
134,5/15/2016,15,19,5,2016,1,-2.216813836,347938
135,5/16/2016,16,20,5,2016,0,10.61654663,384877
136,5/17/2016,17,20,5,2016,0,0.561478083,387038
137,5/18/2016,18,20,5,2016,0,-0.748763687,384140
138,5/19/2016,19,20,5,2016,0,0.476128495,385969
139,5/20/2016,20,20,5,2016,0,0.023058847,386058
140,5/21/2016,21,20,5,2016,1,-8.165094364,354536
141,5/22/2016,22,20,5,2016,1,-1.780919286,348222
142,5/23/2016,23,21,5,2016,0,14.00428462,396988
143,5/24/2016,24,21,5,2016,0,1.360998317,402391
144,5/25/2016,25,21,5,2016,0,6.351533707,427949
145,5/26/2016,26,21,5,2016,0,8.558730129,464576
146,5/27/2016,27,21,5,2016,0,4.566529481,485791
147,5/28/2016,28,21,5,2016,1,-1.819300893,476953
148,5/29/2016,29,21,5,2016,1,-3.256924686,461419
149,5/30/2016,30,22,5,2016,0,-2.138620213,451551
150,5/31/2016,31,22,5,2016,0,9.931325587,496396
151,6/1/2016,1,22,6,2016,0,-3.627144457,478391
152,6/2/2016,2,22,6,2016,0,-3.306082263,462575
153,6/3/2016,3,22,6,2016,0,-3.766740529,445151
154,6/4/2016,4,22,6,2016,1,-2.485224115,434088
155,6/5/2016,5,22,6,2016,1,-5.259071893,411259
156,6/6/2016,6,23,6,2016,0,13.79981958,468012
157,6/7/2016,7,23,6,2016,0,0.521995163,470455
158,6/8/2016,8,23,6,2016,0,-12.98806475,409352
159,6/9/2016,9,23,6,2016,0,-3.452041275,395221
160,6/10/2016,10,23,6,2016,0,2.194215388,403893
161,6/11/2016,11,23,6,2016,1,1.603147368,410368
162,6/12/2016,12,23,6,2016,1,1.689946585,417303
163,6/13/2016,13,24,6,2016,0,-0.437811374,415476
164,6/14/2016,14,24,6,2016,0,2.488471055,425815
165,6/15/2016,15,24,6,2016,0,7.023237791,455721
166,6/16/2016,16,24,6,2016,0,2.455669148,466912
167,6/17/2016,17,24,6,2016,0,-2.294650812,456198
168,6/18/2016,18,24,6,2016,1,-5.445004143,431358
169,6/19/2016,19,24,6,2016,1,2.738792372,443172
170,6/20/2016,20,25,6,2016,0,16.09826433,514515
171,6/21/2016,21,25,6,2016,0,-0.626026452,511294
172,6/22/2016,22,25,6,2016,0,-4.486068681,488357
173,6/23/2016,23,25,6,2016,0,-1.80667012,479534
174,6/24/2016,24,25,6,2016,0,0.509035856,481975
175,6/25/2016,25,25,6,2016,1,-6.32937393,451469
176,6/26/2016,26,25,6,2016,1,2.680139722,463569
177,6/27/2016,27,26,6,2016,0,10.50372221,512261
178,6/28/2016,28,26,6,2016,0,-3.583524805,493904
179,6/29/2016,29,26,6,2016,0,0.406151803,495910
180,6/30/2016,30,26,6,2016,0,-0.469843318,493580
181,7/1/2016,1,26,7,2016,0,-2.092872483,483250
182,7/2/2016,2,26,7,2016,1,-14.525194,413057
183,7/3/2016,3,26,7,2016,1,-2.459466853,402898
184,7/4/2016,4,27,7,2016,0,7.356948905,432539
185,7/5/2016,5,27,7,2016,0,23.15744939,532704
186,7/6/2016,6,27,7,2016,0,9.637246951,584042
187,7/7/2016,7,27,7,2016,0,2.281856442,597369
188,7/8/2016,8,27,7,2016,0,-6.364575329,559349
189,7/9/2016,9,27,7,2016,1,-20.0720838,447076
190,7/10/2016,10,27,7,2016,1,-2.289990964,436838
191,7/11/2016,11,28,7,2016,0,9.950599536,480306
192,7/12/2016,12,28,7,2016,0,6.751529233,512734
193,7/13/2016,13,28,7,2016,0,8.396556499,555786
194,7/14/2016,14,28,7,2016,0,4.798789462,582457
195,7/15/2016,15,28,7,2016,0,1.852497266,593247
196,7/16/2016,16,28,7,2016,1,-12.0130401,521980
197,7/17/2016,17,28,7,2016,1,-0.790834898,517852
198,7/18/2016,18,29,7,2016,0,13.41811946,587338
199,7/19/2016,19,29,7,2016,0,-10.01365483,528524
200,7/20/2016,20,29,7,2016,0,-4.29062824,505847
201,7/21/2016,21,29,7,2016,0,8.132893938,546987
202,7/22/2016,22,29,7,2016,0,11.41562779,609429
203,7/23/2016,23,29,7,2016,1,-4.651075023,581084
204,7/24/2016,24,29,7,2016,1,-6.512483565,543241
205,7/25/2016,25,30,7,2016,0,8.726145486,590645
206,7/26/2016,26,30,7,2016,0,-0.501485664,587683
207,7/27/2016,27,30,7,2016,0,0.411105987,590099
208,7/28/2016,28,30,7,2016,0,1.967974865,601712
209,7/29/2016,29,30,7,2016,0,-6.590195974,562058
210,7/30/2016,30,30,7,2016,1,-9.45809863,508898
211,7/31/2016,31,30,7,2016,1,-4.456295761,486220
212,8/1/2016,1,31,8,2016,0,5.507383489,512998
213,8/2/2016,2,31,8,2016,0,-2.547573285,499929
214,8/3/2016,3,31,8,2016,0,-0.305643401,498401
215,8/4/2016,4,31,8,2016,0,3.433580591,515514
216,8/5/2016,5,31,8,2016,0,2.989443546,530925
217,8/6/2016,6,31,8,2016,1,-1.769741489,521529
218,8/7/2016,7,31,8,2016,1,-5.892865018,490796
219,8/8/2016,8,32,8,2016,0,8.026552784,530190
220,8/9/2016,9,32,8,2016,0,3.012127728,546160
221,8/10/2016,10,32,8,2016,0,8.486340999,592509
222,8/11/2016,11,32,8,2016,0,7.728996522,638304
223,8/12/2016,12,32,8,2016,0,-0.029766381,638114
224,8/13/2016,13,32,8,2016,1,-2.100878526,624708
225,8/14/2016,14,32,8,2016,1,-3.695806681,601620
226,8/15/2016,15,33,8,2016,0,1.193111931,608798
227,8/16/2016,16,33,8,2016,0,1.020207031,615009
228,8/17/2016,17,33,8,2016,0,-5.204476682,583001
229,8/18/2016,18,33,8,2016,0,-3.898792626,560271
230,8/19/2016,19,33,8,2016,0,1.185140762,566911
231,8/20/2016,20,33,8,2016,1,-7.070598383,526827
232,8/21/2016,21,33,8,2016,1,-1.608497666,518353
233,8/22/2016,22,34,8,2016,0,-5.618372036,489230
234,8/23/2016,23,34,8,2016,0,-4.343151483,467982
235,8/24/2016,24,34,8,2016,0,9.556564141,512705
236,8/25/2016,25,34,8,2016,0,4.904769799,537852
237,8/26/2016,26,34,8,2016,0,8.135509397,581609
238,8/27/2016,27,34,8,2016,1,-11.57117582,514310
239,8/28/2016,28,34,8,2016,1,-0.105967218,513765
240,8/29/2016,29,35,8,2016,0,1.422148258,521071.5
241,8/30/2016,30,35,8,2016,0,1.402206799,528378
242,8/31/2016,31,35,8,2016,0,2.765065919,542988
243,9/1/2016,1,35,9,2016,0,-6.361466552,508446
244,9/2/2016,2,35,9,2016,0,-8.305503436,466217
245,9/3/2016,3,35,9,2016,1,-11.87773076,410841
246,9/4/2016,4,35,9,2016,1,-2.069413715,402339
247,9/5/2016,5,36,9,2016,0,4.800180942,421652
248,9/6/2016,6,36,9,2016,0,16.74508837,492258
249,9/7/2016,7,36,9,2016,0,7.562091424,529483
250,9/8/2016,8,36,9,2016,0,7.742835936,570480
251,9/9/2016,9,36,9,2016,0,4.998597672,598996
252,9/10/2016,10,36,9,2016,1,-6.916406787,557567
253,9/11/2016,11,36,9,2016,1,-12.72618358,486610
254,9/12/2016,12,37,9,2016,0,-6.667557181,454165
255,9/13/2016,13,37,9,2016,0,3.266874374,469002
256,9/14/2016,14,37,9,2016,0,5.644538829,495475
257,9/15/2016,15,37,9,2016,0,-12.20687219,434993
258,9/16/2016,16,37,9,2016,0,-2.689698455,423293
259,9/17/2016,17,37,9,2016,1,-4.804001011,402958
260,9/18/2016,18,37,9,2016,1,11.04953866,447483
261,9/19/2016,19,38,9,2016,0,9.225601866,488766
262,9/20/2016,20,38,9,2016,0,0.718339655,492277
263,9/21/2016,21,38,9,2016,0,-2.924979229,477878
264,9/22/2016,22,38,9,2016,0,-1.002138621,473089
265,9/23/2016,23,38,9,2016,0,-1.056672212,468090
266,9/24/2016,24,38,9,2016,1,-17.5776026,385811
267,9/25/2016,25,38,9,2016,1,-6.905194512,359170
268,9/26/2016,26,39,9,2016,0,12.12267172,402711
269,9/27/2016,27,39,9,2016,0,4.857577767,422273
270,9/28/2016,28,39,9,2016,0,-2.304196574,412543
271,9/29/2016,29,39,9,2016,0,-3.114826818,399693
272,9/30/2016,30,39,9,2016,0,-1.67753751,392988
273,10/1/2016,1,39,10,2016,1,-6.98316488,365545
274,10/2/2016,2,39,10,2016,1,-1.652327347,359505
275,10/3/2016,3,40,10,2016,0,10.72474653,398061
276,10/4/2016,4,40,10,2016,0,0.121589405,398545
277,10/5/2016,5,40,10,2016,0,-1.304495101,393346
278,10/6/2016,6,40,10,2016,0,1.345126174,398637
279,10/7/2016,7,40,10,2016,0,-0.090307724,398277
280,10/8/2016,8,40,10,2016,1,-7.113390931,369946
281,10/9/2016,9,40,10,2016,1,-3.67026539,356368
282,10/10/2016,10,41,10,2016,0,6.474206438,379440
283,10/11/2016,11,41,10,2016,0,3.076902804,391115
284,10/12/2016,12,41,10,2016,0,-0.158265472,390496
285,10/13/2016,13,41,10,2016,0,1.416659838,396028
286,10/14/2016,14,41,10,2016,0,-2.447806721,386334
287,10/15/2016,15,41,10,2016,1,-6.984888723,359349
288,10/16/2016,16,41,10,2016,1,-0.639768025,357050
289,10/17/2016,17,42,10,2016,0,15.10572749,410985
290,10/18/2016,18,42,10,2016,0,5.231334477,432485
291,10/19/2016,19,42,10,2016,0,0.549614437,434862
292,10/20/2016,20,42,10,2016,0,-5.563374128,410669
293,10/21/2016,21,42,10,2016,0,1.542604872,417004
294,10/22/2016,22,42,10,2016,1,-11.02195662,371042
295,10/23/2016,23,42,10,2016,1,-3.743511516,357152
296,10/24/2016,24,43,10,2016,0,9.799749126,392152
297,10/25/2016,25,43,10,2016,0,2.051245435,400196
298,10/26/2016,26,43,10,2016,0,1.143189837,404771
299,10/27/2016,27,43,10,2016,0,3.973110722,420853
300,10/28/2016,28,43,10,2016,0,-3.947934314,404238
301,10/29/2016,29,43,10,2016,1,-7.319203044,374651
302,10/30/2016,30,43,10,2016,1,-3.057779106,363195
303,10/31/2016,31,44,10,2016,0,8.619887388,394502
304,11/1/2016,1,44,11,2016,0,2.050433204,402591
305,11/2/2016,2,44,11,2016,0,-1.361182938,397111
306,11/3/2016,3,44,11,2016,0,0.770565409,400171
307,11/4/2016,4,44,11,2016,0,-2.592891539,389795
308,11/5/2016,5,44,11,2016,1,-5.789966521,367226
309,11/6/2016,6,44,11,2016,1,1.99141673,374539
310,11/7/2016,7,45,11,2016,0,7.565033281,402873
311,11/8/2016,8,45,11,2016,0,-0.083152755,402538
312,11/9/2016,9,45,11,2016,0,0.967858935,406434
313,11/10/2016,10,45,11,2016,0,-0.527022838,404292
314,11/11/2016,11,45,11,2016,0,-1.539234019,398069
315,11/12/2016,12,45,11,2016,1,-4.19600622,381366
316,11/13/2016,13,45,11,2016,1,-3.027275635,369821
317,11/14/2016,14,46,11,2016,0,8.806692968,402390
318,11/15/2016,15,46,11,2016,0,1.76023261,409473
319,11/16/2016,16,46,11,2016,0,-1.886571276,401748
320,11/17/2016,17,46,11,2016,0,-0.301930563,400535
321,11/18/2016,18,46,11,2016,0,-0.936996767,396782
322,11/19/2016,19,46,11,2016,1,-6.070335852,372696
323,11/20/2016,20,46,11,2016,1,5.910715436,394725
324,11/21/2016,21,47,11,2016,0,11.67040345,440791
325,11/22/2016,22,47,11,2016,0,-0.782230127,437343
326,11/23/2016,23,47,11,2016,0,-2.77928308,425188
327,11/24/2016,24,47,11,2016,0,-10.53510447,380394
328,11/25/2016,25,47,11,2016,0,0.81468162,383493
329,11/26/2016,26,47,11,2016,1,-0.0821397,383178
330,11/27/2016,27,47,11,2016,1,-0.082207225,382863
331,11/28/2016,28,48,11,2016,0,8.942624385,417101
332,11/29/2016,29,48,11,2016,0,0.51162668,419235
333,11/30/2016,30,48,11,2016,0,-1.792073658,411722
334,12/1/2016,1,48,12,2016,0,-0.052948349,411504
335,12/2/2016,2,48,12,2016,0,0.757465298,414621
336,12/3/2016,3,48,12,2016,1,-5.001917414,393882
337,12/4/2016,4,48,12,2016,1,-1.083573253,389614
338,12/5/2016,5,49,12,2016,0,10.23859512,429505
339,12/6/2016,6,49,12,2016,0,0.110825252,429981
340,12/7/2016,7,49,12,2016,0,0.138843344,430578
341,12/8/2016,8,49,12,2016,0,1.022811198,434982
342,12/9/2016,9,49,12,2016,0,1.961920263,443516
343,12/10/2016,10,49,12,2016,1,-4.110561964,425285
344,12/11/2016,11,49,12,2016,1,-0.097111349,424872
345,12/12/2016,12,50,12,2016,0,4.741663372,445018
346,12/13/2016,13,50,12,2016,0,-1.024003523,440461
347,12/14/2016,14,50,12,2016,0,1.598325391,447501
348,12/15/2016,15,50,12,2016,0,8.402439324,485102
349,12/16/2016,16,50,12,2016,0,1.326525143,491537
350,12/17/2016,17,50,12,2016,1,-8.54605045,449530
351,12/18/2016,18,50,12,2016,1,-6.255867239,421408
352,12/19/2016,19,51,12,2016,0,12.43948857,473829
353,12/20/2016,20,51,12,2016,0,0.350337358,475489
354,12/21/2016,21,51,12,2016,0,-3.90839746,456905
355,12/22/2016,22,51,12,2016,0,-2.574276928,445143
356,12/23/2016,23,51,12,2016,0,-4.006577662,427308
357,12/24/2016,24,51,12,2016,1,-5.558987896,403554
358,12/25/2016,25,51,12,2016,1,-5.547213012,381168
359,12/26/2016,26,52,12,2016,0,8.397609453,413177
360,12/27/2016,27,52,12,2016,0,0.35795797,414656
361,12/28/2016,28,52,12,2016,0,3.916258296,430895
362,12/29/2016,29,52,12,2016,0,2.014411864,439575
363,12/30/2016,30,52,12,2016,0,-1.41705056,433346
364,12/31/2016,31,52,12,2016,1,-4.298412816,414719
365,1/1/2017,1,52,1,2017,1,-7.059237701,385443
366,1/2/2017,2,1,1,2017,0,8.258289812,417274
367,1/3/2017,3,1,1,2017,0,4.01175247,434014
368,1/4/2017,4,1,1,2017,0,-0.710115342,430932
369,1/5/2017,5,1,1,2017,0,6.65696676,459619
370,1/6/2017,6,1,1,2017,0,0.23911109,460718
371,1/7/2017,7,1,1,2017,1,-1.023619655,456002
372,1/8/2017,8,1,1,2017,1,0.331138899,457512
373,1/9/2017,9,2,1,2017,0,8.052029236,494351
374,1/10/2017,10,2,1,2017,0,-3.115802335,478948
375,1/11/2017,11,2,1,2017,0,-9.704811378,432467
376,1/12/2017,12,2,1,2017,0,-3.475178453,417438
377,1/13/2017,13,2,1,2017,0,1.086388877,421973
378,1/14/2017,14,2,1,2017,1,0.21470568,422879
379,1/15/2017,15,2,1,2017,1,-3.288174632,408974
380,1/16/2017,16,3,1,2017,0,5.669309051,432160
381,1/17/2017,17,3,1,2017,0,1.35690485,438024
382,1/18/2017,18,3,1,2017,0,-1.465673114,431604
383,1/19/2017,19,3,1,2017,0,-1.726814395,424151
384,1/20/2017,20,3,1,2017,0,-0.384532867,422520
385,1/21/2017,21,3,1,2017,1,-9.343699707,383041
386,1/22/2017,22,3,1,2017,1,-1.117895995,378759
387,1/23/2017,23,4,1,2017,0,13.46581863,429762
388,1/24/2017,24,4,1,2017,0,2.885550607,442163
389,1/25/2017,25,4,1,2017,0,-2.832665782,429638
390,1/26/2017,26,4,1,2017,0,-1.04925542,425130
391,1/27/2017,27,4,1,2017,0,1.274668925,430549
392,1/28/2017,28,4,1,2017,1,-4.854035197,409650
393,1/29/2017,29,4,1,2017,1,-2.426949835,399708
394,1/30/2017,30,5,1,2017,0,11.19392156,444451
395,1/31/2017,31,5,1,2017,0,3.500498368,460009
396,2/1/2017,1,5,2,2017,0,-4.287524809,440286
397,2/2/2017,2,5,2,2017,0,-0.027255012,440166
398,2/3/2017,3,5,2,2017,0,2.517686509,451248
399,2/4/2017,4,5,2,2017,1,-5.273153565,427453
400,2/5/2017,5,5,2,2017,1,-3.353585073,413118
401,2/6/2017,6,6,2,2017,0,4.268029958,430750
402,2/7/2017,7,6,2,2017,0,2.120255369,439883
403,2/8/2017,8,6,2,2017,0,-4.905622631,418304
404,2/9/2017,9,6,2,2017,0,7.829234241,451054
405,2/10/2017,10,6,2,2017,0,2.770621699,463551
406,2/11/2017,11,6,2,2017,1,-10.62558381,414296
407,2/12/2017,12,6,2,2017,1,0.808117867,417644
408,2/13/2017,13,7,2,2017,0,6.939402936,446626
409,2/14/2017,14,7,2,2017,0,-1.561933251,439650
410,2/15/2017,15,7,2,2017,0,-1.414306835,433432
411,2/16/2017,16,7,2,2017,0,2.623018144,444801
412,2/17/2017,17,7,2,2017,0,-1.80934845,436753
413,2/18/2017,18,7,2,2017,1,-11.29127905,387438
414,2/19/2017,19,7,2,2017,1,-6.41728483,362575
415,2/20/2017,20,8,2,2017,0,7.918085913,391284
416,2/21/2017,21,8,2,2017,0,6.14770857,415339
417,2/22/2017,22,8,2,2017,0,-3.417690128,401144
418,2/23/2017,23,8,2,2017,0,-1.962138285,393273
419,2/24/2017,24,8,2,2017,0,-1.793410684,386220
420,2/25/2017,25,8,2,2017,1,-5.917611724,363365
421,2/26/2017,26,8,2,2017,1,4.665006261,380316
422,2/27/2017,27,9,2,2017,0,8.728005133,413510
423,2/28/2017,28,9,2,2017,0,-2.698120964,402353
424,3/1/2017,1,9,3,2017,0,-1.522295099,396228
425,3/2/2017,2,9,3,2017,0,3.466438515,409963
426,3/3/2017,3,9,3,2017,0,5.698563041,433325
427,3/4/2017,4,9,3,2017,1,-0.573472567,430840
428,3/5/2017,5,9,3,2017,1,-0.803314455,427379
429,3/6/2017,6,10,3,2017,0,1.831629537,435207
430,3/7/2017,7,10,3,2017,0,-4.037389104,417636
431,3/8/2017,8,10,3,2017,0,-5.108276106,396302
432,3/9/2017,9,10,3,2017,0,0.517534607,398353
433,3/10/2017,10,10,3,2017,0,8.419165916,431891
434,3/11/2017,11,10,3,2017,1,1.794897324,439643
435,3/12/2017,12,10,3,2017,1,-5.53903963,415291
436,3/13/2017,13,11,3,2017,0,10.29133788,458030
437,3/14/2017,14,11,3,2017,0,-2.11667358,448335
438,3/15/2017,15,11,3,2017,0,3.402143486,463588
439,3/16/2017,16,11,3,2017,0,-2.616331743,451459
440,3/17/2017,17,11,3,2017,0,-4.679273201,430334
441,3/18/2017,18,11,3,2017,1,-4.701464444,410102
442,3/19/2017,19,11,3,2017,1,-5.697850779,386735
443,3/20/2017,20,12,3,2017,0,7.773798596,416799
444,3/21/2017,21,12,3,2017,0,-2.75456515,405318
445,3/22/2017,22,12,3,2017,0,5.059730878,425826
446,3/23/2017,23,12,3,2017,0,2.104850338,434789
447,3/24/2017,24,12,3,2017,0,-3.440979418,419828
448,3/25/2017,25,12,3,2017,1,-8.426069724,384453
449,3/26/2017,26,12,3,2017,1,0.068929102,384718
450,3/27/2017,27,13,3,2017,0,6.817461101,410946
451,3/28/2017,28,13,3,2017,0,-0.045748103,410758
452,3/29/2017,29,13,3,2017,0,-3.090627571,398063
453,3/30/2017,30,13,3,2017,0,1.976069115,405929
454,3/31/2017,31,13,3,2017,0,3.469818614,420014
455,4/1/2017,1,13,4,2017,1,-7.633793159,387951
456,4/2/2017,2,13,4,2017,1,-6.932318772,361057
457,4/3/2017,3,14,4,2017,0,8.353528667,391218
458,4/4/2017,4,14,4,2017,0,2.626412895,401493
459,4/5/2017,5,14,4,2017,0,-1.474745512,395572
460,4/6/2017,6,14,4,2017,0,3.655718807,410033
461,4/7/2017,7,14,4,2017,0,-0.354361722,408580
462,4/8/2017,8,14,4,2017,1,-8.767683195,372757
463,4/9/2017,9,14,4,2017,1,-5.97359674,350490
464,4/10/2017,10,15,4,2017,0,8.380838255,379864
465,4/11/2017,11,15,4,2017,0,0.901638481,383289
466,4/12/2017,12,15,4,2017,0,0.521016778,385286
467,4/13/2017,13,15,4,2017,0,-2.177862679,376895
468,4/14/2017,14,15,4,2017,0,-3.086536038,365262
469,4/15/2017,15,15,4,2017,1,-5.391198646,345570
470,4/16/2017,16,15,4,2017,1,-0.773215268,342898
471,4/17/2017,17,16,4,2017,0,10.62677531,379337
472,4/18/2017,18,16,4,2017,0,-1.538737323,373500
473,4/19/2017,19,16,4,2017,0,2.666131191,383458
474,4/20/2017,20,16,4,2017,0,0.101184484,383846
475,4/21/2017,21,16,4,2017,0,-0.389479114,382351
476,4/22/2017,22,16,4,2017,1,-6.998281684,355593
477,4/23/2017,23,16,4,2017,1,-4.635074369,339111
478,4/24/2017,24,17,4,2017,0,10.56733636,374946
479,4/25/2017,25,17,4,2017,0,2.902551301,385829
480,4/26/2017,26,17,4,2017,0,-0.559315137,383671
481,4/27/2017,27,17,4,2017,0,1.112932695,387941
482,4/28/2017,28,17,4,2017,0,0.626126138,390370
483,4/29/2017,29,17,4,2017,1,-4.0761329,374458
484,4/30/2017,30,17,4,2017,1,-6.886486602,348671
485,5/1/2017,1,18,5,2017,0,10.21794184,384298
486,5/2/2017,2,18,5,2017,0,1.794180558,391193
487,5/3/2017,3,18,5,2017,0,-3.579818657,377189
488,5/4/2017,4,18,5,2017,0,-0.07476358,376907
489,5/5/2017,5,18,5,2017,0,2.489208213,386289
490,5/6/2017,6,18,5,2017,1,-8.991195711,351557
491,5/7/2017,7,18,5,2017,1,-1.961275128,344662
492,5/8/2017,8,19,5,2017,0,10.2015888,379823
493,5/9/2017,9,19,5,2017,0,0.320938964,381042
494,5/10/2017,10,19,5,2017,0,-1.010124868,377193
495,5/11/2017,11,19,5,2017,0,-0.550116253,375118
496,5/12/2017,12,19,5,2017,0,-0.701112717,372488
497,5/13/2017,13,19,5,2017,1,-5.296009536,352761
498,5/14/2017,14,19,5,2017,1,-4.191506431,337975
499,5/15/2017,15,20,5,2017,0,11.31119166,376204
500,5/16/2017,16,20,5,2017,0,2.492530648,385581
501,5/17/2017,17,20,5,2017,0,12.24515731,432796
502,5/18/2017,18,20,5,2017,0,15.59903511,500308
503,5/19/2017,19,20,5,2017,0,-0.709562909,496758
504,5/20/2017,20,20,5,2017,1,-25.56113842,369781
505,5/21/2017,21,20,5,2017,1,-6.254512806,346653
506,5/22/2017,22,21,5,2017,0,12.29558088,389276
507,5/23/2017,23,21,5,2017,0,-0.410762544,387677
508,5/24/2017,24,21,5,2017,0,0.788027146,390732
509,5/25/2017,25,21,5,2017,0,-0.527983375,388669
510,5/26/2017,26,21,5,2017,0,-0.169810301,388009
511,5/27/2017,27,21,5,2017,1,-8.636139883,354500
512,5/28/2017,28,21,5,2017,1,-1.753737659,348283
513,5/29/2017,29,22,5,2017,0,1.763221288,354424
514,5/30/2017,30,22,5,2017,0,8.950861116,386148
515,5/31/2017,31,22,5,2017,0,2.669183836,396455
516,6/1/2017,1,22,6,2017,0,2.231274672,405301
517,6/2/2017,2,22,6,2017,0,-2.982228023,393214
518,6/3/2017,3,22,6,2017,1,-9.57849924,355550
519,6/4/2017,4,22,6,2017,1,-0.495851498,353787
520,6/5/2017,5,23,6,2017,0,12.46258342,397878
521,6/6/2017,6,23,6,2017,0,-2.423355903,388236
522,6/7/2017,7,23,6,2017,0,-1.588724384,382068
523,6/8/2017,8,23,6,2017,0,1.955672812,389540
524,6/9/2017,9,23,6,2017,0,3.143194537,401784
525,6/10/2017,10,23,6,2017,1,1.884594708,409356
526,6/11/2017,11,23,6,2017,1,13.869346,466131
527,6/12/2017,12,24,6,2017,0,21.14448513,564692
528,6/13/2017,13,24,6,2017,0,3.11267027,582269
529,6/14/2017,14,24,6,2017,0,-12.42535667,509920
530,6/15/2017,15,24,6,2017,0,-11.52043458,451175
531,6/16/2017,16,24,6,2017,0,-2.418352081,440264
532,6/17/2017,17,24,6,2017,1,-1.779386913,432430
533,6/18/2017,18,24,6,2017,1,10.8614111,479398
534,6/19/2017,19,25,6,2017,0,10.25557053,528563
535,6/20/2017,20,25,6,2017,0,-5.487330744,499559
536,6/21/2017,21,25,6,2017,0,-1.396231476,492584
537,6/22/2017,22,25,6,2017,0,0.235289819,493743
538,6/23/2017,23,25,6,2017,0,8.853188805,537455
539,6/24/2017,24,25,6,2017,1,-9.493259901,486433
540,6/25/2017,25,25,6,2017,1,-9.204967591,441657
541,6/26/2017,26,26,6,2017,0,3.30867619,456270
542,6/27/2017,27,26,6,2017,0,-3.023867447,442473
543,6/28/2017,28,26,6,2017,0,-0.454943013,440460
544,6/29/2017,29,26,6,2017,0,6.53748354,469255
545,6/30/2017,30,26,6,2017,0,10.05167766,516423
546,7/1/2017,1,26,7,2017,1,-6.739630109,481618
547,7/2/2017,2,26,7,2017,1,-0.498527879,479217
548,7/3/2017,3,27,7,2017,0,6.374147829,509763
549,7/4/2017,4,27,7,2017,0,-10.89525917,454223
550,7/5/2017,5,27,7,2017,0,10.07434674,499983
551,7/6/2017,6,27,7,2017,0,-1.377246826,493097
552,7/7/2017,7,27,7,2017,0,0.360983742,494877
553,7/8/2017,8,27,7,2017,1,-5.34193345,468441
554,7/9/2017,9,27,7,2017,1,-6.833944937,436428
555,7/10/2017,10,28,7,2017,0,14.68764607,500529
556,7/11/2017,11,28,7,2017,0,9.089183644,546023
557,7/12/2017,12,28,7,2017,0,4.654748976,571439
558,7/13/2017,13,28,7,2017,0,-0.812335175,566797
559,7/14/2017,14,28,7,2017,0,-15.60982151,478321
560,7/15/2017,15,28,7,2017,1,-5.13713594,453749
561,7/16/2017,16,28,7,2017,1,3.576206229,469976
562,7/17/2017,17,29,7,2017,0,14.75968986,539343
563,7/18/2017,18,29,7,2017,0,4.041027695,561138
564,7/19/2017,19,29,7,2017,0,5.132961945,589941
565,7/20/2017,20,29,7,2017,0,1.272839148,597450
566,7/21/2017,21,29,7,2017,0,-0.835885848,592456
567,7/22/2017,22,29,7,2017,1,-10.29882388,531440
568,7/23/2017,23,29,7,2017,1,-8.74905916,484944
569,7/24/2017,24,30,7,2017,0,-3.200575737,469423
570,7/25/2017,25,30,7,2017,0,-8.626121856,428930
571,7/26/2017,26,30,7,2017,0,3.572144639,444252
572,7/27/2017,27,30,7,2017,0,5.091929806,466873
573,7/28/2017,28,30,7,2017,0,6.328487619,496419
574,7/29/2017,29,30,7,2017,1,-16.43067651,414854
575,7/30/2017,30,30,7,2017,1,-0.26756401,413744
576,7/31/2017,31,31,7,2017,0,21.47366487,502590
577,8/1/2017,1,31,8,2017,0,8.272349231,544166
578,8/2/2017,2,31,8,2017,0,-1.208822308,537588
579,8/3/2017,3,31,8,2017,0,-0.228241702,536361
580,8/4/2017,4,31,8,2017,0,0.450815775,538779
581,8/5/2017,5,31,8,2017,1,-15.13941709,457211
582,8/6/2017,6,31,8,2017,1,-12.03667453,402178
583,8/7/2017,7,32,8,2017,0,9.335915938,439725
584,8/8/2017,8,32,8,2017,0,2.320541247,449929
585,8/9/2017,9,32,8,2017,0,5.714234913,475639
586,8/10/2017,10,32,8,2017,0,4.555976276,497309
587,8/11/2017,11,32,8,2017,0,-2.23543109,486192
588,8/12/2017,12,32,8,2017,1,-7.774911969,448391
589,8/13/2017,13,32,8,2017,1,2.179124916,458162
590,8/14/2017,14,33,8,2017,0,7.910738996,494406
591,8/15/2017,15,33,8,2017,0,-0.208533068,493375
592,8/16/2017,16,33,8,2017,0,3.221484672,509269
593,8/17/2017,17,33,8,2017,0,-2.308406756,497513
594,8/18/2017,18,33,8,2017,0,8.401991506,539314
595,8/19/2017,19,33,8,2017,1,-7.362501252,499607
596,8/20/2017,20,33,8,2017,1,-6.788735946,465690
597,8/21/2017,21,34,8,2017,0,13.57190406,528893
598,8/22/2017,22,34,8,2017,0,8.597580229,574365
599,8/23/2017,23,34,8,2017,0,-11.57278037,507895
600,8/24/2017,24,34,8,2017,0,-9.364140226,460335
601,8/25/2017,25,34,8,2017,0,-3.917364528,442302
602,8/26/2017,26,34,8,2017,1,-10.11752151,397552
603,8/27/2017,27,34,8,2017,1,-2.677888679,386906
604,8/28/2017,28,35,8,2017,0,11.02593395,429566
605,8/29/2017,29,35,8,2017,0,-2.39171629,419292
606,8/30/2017,30,35,8,2017,0,1.137393511,424061
607,8/31/2017,31,35,8,2017,0,3.862651835,440441
608,9/1/2017,1,35,9,2017,0,-9.833099098,397132
609,9/2/2017,2,35,9,2017,1,-9.815376248,358152
610,9/3/2017,3,35,9,2017,1,0.830932118,361128
611,9/4/2017,4,36,9,2017,0,7.33784143,387627
612,9/5/2017,5,36,9,2017,0,21.61407745,471409
613,9/6/2017,6,36,9,2017,0,-6.731309754,439677
614,9/7/2017,7,36,9,2017,0,-5.900922723,413732
615,9/8/2017,8,36,9,2017,0,-3.222134135,400401
616,9/9/2017,9,36,9,2017,1,-9.479996304,362443
617,9/10/2017,10,36,9,2017,1,-1.160182429,358238
618,9/11/2017,11,37,9,2017,0,13.21104964,405565
619,9/12/2017,12,37,9,2017,0,4.294256161,422981
620,9/13/2017,13,37,9,2017,0,4.83213194,443420
621,9/14/2017,14,37,9,2017,0,7.071625096,474777
622,9/15/2017,15,37,9,2017,0,1.22394303,480588
623,9/16/2017,16,37,9,2017,1,-6.464164732,449522
624,9/17/2017,17,37,9,2017,1,-2.318017806,439102
625,9/18/2017,18,38,9,2017,0,7.922532806,473890
626,9/19/2017,19,38,9,2017,0,-0.726117875,470449
627,9/20/2017,20,38,9,2017,0,0.329897608,472001
628,9/21/2017,21,38,9,2017,0,0.013771157,472066
629,9/22/2017,22,38,9,2017,0,-4.708875454,449837
630,9/23/2017,23,38,9,2017,1,-2.646736485,437931
631,9/24/2017,24,38,9,2017,1,7.239268287,469634
632,9/25/2017,25,39,9,2017,0,13.01928736,530777
633,9/26/2017,26,39,9,2017,0,-2.030419555,520000
634,9/27/2017,27,39,9,2017,0,2.655192308,533807
635,9/28/2017,28,39,9,2017,0,-13.18959849,463400
636,9/29/2017,29,39,9,2017,0,-14.00431593,398504
637,9/30/2017,30,39,9,2017,1,-9.148716199,362046
638,10/1/2017,1,39,10,2017,1,-3.528557145,349271
639,10/2/2017,2,40,10,2017,0,12.07171509,391434
640,10/3/2017,3,40,10,2017,0,1.50267989,397316
641,10/4/2017,4,40,10,2017,0,2.81010581,408481
642,10/5/2017,5,40,10,2017,0,5.586551149,431301
643,10/6/2017,6,40,10,2017,0,2.132153647,440497
644,10/7/2017,7,40,10,2017,1,-5.183917257,417662
645,10/8/2017,8,40,10,2017,1,1.986295138,425958
646,10/9/2017,9,41,10,2017,0,9.300682227,465575
647,10/10/2017,10,41,10,2017,0,-1.337700693,459347
648,10/11/2017,11,41,10,2017,0,-6.280001829,430500
649,10/12/2017,12,41,10,2017,0,-7.100348432,399933
650,10/13/2017,13,41,10,2017,0,-2.47116392,390050
651,10/14/2017,14,41,10,2017,1,-4.126394052,373955
652,10/15/2017,15,41,10,2017,1,1.4910885,379531
653,10/16/2017,16,42,10,2017,0,2.996329681,390903
654,10/17/2017,17,42,10,2017,0,-1.239693735,386057
655,10/18/2017,18,42,10,2017,0,0.517281127,388054
656,10/19/2017,19,42,10,2017,0,0.824885196,391255
657,10/20/2017,20,42,10,2017,0,-1.298641551,386174
658,10/21/2017,21,42,10,2017,1,-7.142117284,358593
659,10/22/2017,22,42,10,2017,1,-0.890703388,355399
660,10/23/2017,23,43,10,2017,0,14.34894302,406395
661,10/24/2017,24,43,10,2017,0,4.076575745,422962
662,10/25/2017,25,43,10,2017,0,-5.981624827,397662
663,10/26/2017,26,43,10,2017,0,-2.337915114,388365
664,10/27/2017,27,43,10,2017,0,-1.553435557,382332
665,10/28/2017,28,43,10,2017,1,-6.438121842,357717
666,10/29/2017,29,43,10,2017,1,2.60065918,367020
667,10/30/2017,30,44,10,2017,0,6.85058035,392163
668,10/31/2017,31,44,10,2017,0,0.069868907,392437
669,11/1/2017,1,44,11,2017,0,2.334642248,401599
670,11/2/2017,2,44,11,2017,0,0.155876882,402225
671,11/3/2017,3,44,11,2017,0,-1.170737771,397516
672,11/4/2017,4,44,11,2017,1,-8.703297477,362919
673,11/5/2017,5,44,11,2017,1,4.483920654,379192
674,11/6/2017,6,45,11,2017,0,5.616943395,400491
675,11/7/2017,7,45,11,2017,0,1.001021246,404500
676,11/8/2017,8,45,11,2017,0,1.163906057,409208
677,11/9/2017,9,45,11,2017,0,0.221647671,410115
678,11/10/2017,10,45,11,2017,0,2.633407703,420915
679,11/11/2017,11,45,11,2017,1,-3.210149318,407403
680,11/12/2017,12,45,11,2017,1,-3.96707928,391241
681,11/13/2017,13,46,11,2017,0,7.385473404,420136
682,11/14/2017,14,46,11,2017,0,-0.013567035,420079
683,11/15/2017,15,46,11,2017,0,-1.133358249,415318
684,11/16/2017,16,46,11,2017,0,-0.675867648,412511
685,11/17/2017,17,46,11,2017,0,0.767737103,415678
686,11/18/2017,18,46,11,2017,1,-4.487127055,397026
687,11/19/2017,19,46,11,2017,1,-3.682882229,382404
688,11/20/2017,20,47,11,2017,0,11.01296012,424518
689,11/21/2017,21,47,11,2017,0,-3.139560631,411190
690,11/22/2017,22,47,11,2017,0,0.850701622,414688
691,11/23/2017,23,47,11,2017,0,-7.876524037,382025
692,11/24/2017,24,47,11,2017,0,0.642889863,384481
693,11/25/2017,25,47,11,2017,1,-2.605330302,374464
694,11/26/2017,26,47,11,2017,1,1.795633225,381188
695,11/27/2017,27,48,11,2017,0,10.3353201,420585
696,11/28/2017,28,48,11,2017,0,0.030909329,420715
697,11/29/2017,29,48,11,2017,0,-2.828993499,408813
698,11/30/2017,30,48,11,2017,0,3.232284688,422027
699,12/1/2017,1,48,12,2017,0,-3.116151336,408876
700,12/2/2017,2,48,12,2017,1,-3.8781929,393019
701,12/3/2017,3,48,12,2017,1,-1.058727441,388858
702,12/4/2017,4,49,12,2017,0,8.127388404,420462
703,12/5/2017,5,49,12,2017,0,-0.669501643,417647
704,12/6/2017,6,49,12,2017,0,0.759253628,420818
705,12/7/2017,7,49,12,2017,0,2.086887918,429600
706,12/8/2017,8,49,12,2017,0,1.873137803,437647
707,12/9/2017,9,49,12,2017,1,-3.121465473,423986
708,12/10/2017,10,49,12,2017,1,-1.493445538,417654
709,12/11/2017,11,50,12,2017,0,6.661734354,445477
710,12/12/2017,12,50,12,2017,0,0.90397484,449504
711,12/13/2017,13,50,12,2017,0,6.188598989,477322
712,12/14/2017,14,50,12,2017,0,0.122349274,477906
713,12/15/2017,15,50,12,2017,0,1.031583617,482836
714,12/16/2017,16,50,12,2017,1,-7.387394478,447167
715,12/17/2017,17,50,12,2017,1,-2.943419349,434005
716,12/18/2017,18,51,12,2017,0,4.264006175,452511
717,12/19/2017,19,51,12,2017,0,-3.98620144,434473
718,12/20/2017,20,51,12,2017,0,1.68802204,441807
719,12/21/2017,21,51,12,2017,0,2.017170393,450719
720,12/22/2017,22,51,12,2017,0,0.09274071,451137
721,12/23/2017,23,51,12,2017,1,-7.087647433,419162
722,12/24/2017,24,51,12,2017,1,-3.938095533,402655
723,12/25/2017,25,52,12,2017,0,0.731147012,405599
724,12/26/2017,26,52,12,2017,0,14.54490766,464593
725,12/27/2017,27,52,12,2017,0,4.856508815,487156
726,12/28/2017,28,52,12,2017,0,3.977781245,506534
727,12/29/2017,29,52,12,2017,0,-0.972491481,501608
728,12/30/2017,30,52,12,2017,1,-4.242954658,480325
729,12/31/2017,31,52,12,2017,1,0.906053193,484677
730,1/1/2018,1,1,1,2018,0,0.93381778,489203
731,1/2/2018,2,1,1,2018,0,4.618123765,511795
732,1/3/2018,3,1,1,2018,0,-2.412098594,499450
733,1/4/2018,4,1,1,2018,0,0.085494043,499877
734,1/5/2018,5,1,1,2018,0,5.193877694,525840
735,1/6/2018,6,1,1,2018,1,-1.787045489,516443
736,1/7/2018,7,1,1,2018,1,-2.828966604,501833
737,1/8/2018,8,2,1,2018,0,-0.879176937,497421
738,1/9/2018,9,2,1,2018,0,-5.844546169,468349
739,1/10/2018,10,2,1,2018,0,-1.865489197,459612
740,1/11/2018,11,2,1,2018,0,-4.855617347,437295
741,1/12/2018,12,2,1,2018,0,-3.164911559,423455
742,1/13/2018,13,2,1,2018,1,1.230118903,428664
743,1/14/2018,14,2,1,2018,1,7.199111659,459524
744,1/15/2018,15,3,1,2018,0,6.429261584,489068
745,1/16/2018,16,3,1,2018,0,-2.149803299,478554
746,1/17/2018,17,3,1,2018,0,-0.698980679,475209
747,1/18/2018,18,3,1,2018,0,1.85181678,484009
748,1/19/2018,19,3,1,2018,0,-3.634849765,466416
749,1/20/2018,20,3,1,2018,1,-11.30021269,413710
750,1/21/2018,21,3,1,2018,1,-3.477315027,399324
751,1/22/2018,22,4,1,2018,0,7.830483517,430593
752,1/23/2018,23,4,1,2018,0,-0.423369632,428770
753,1/24/2018,24,4,1,2018,0,3.695221214,444614
754,1/25/2018,25,4,1,2018,0,4.46319729,464458
755,1/26/2018,26,4,1,2018,0,-2.390743619,453354
756,1/27/2018,27,4,1,2018,1,-9.869108908,408612
757,1/28/2018,28,4,1,2018,1,-4.392430961,390664
758,1/29/2018,29,5,1,2018,0,11.07908586,433946
759,1/30/2018,30,5,1,2018,0,6.221050545,460942
760,1/31/2018,31,5,1,2018,0,2.367109094,471853
761,2/1/2018,1,5,2,2018,0,-5.248880478,447086
762,2/2/2018,2,5,2,2018,0,4.664874319,467942
763,2/3/2018,3,5,2,2018,1,-3.139491646,453251
764,2/4/2018,4,5,2,2018,1,-6.3829975,424320
765,2/5/2018,5,6,2,2018,0,6.70296003,452762
766,2/6/2018,6,6,2,2018,0,2.374978466,463515
767,2/7/2018,7,6,2,2018,0,1.322503047,469645
768,2/8/2018,8,6,2,2018,0,-1.188131461,464065
769,2/9/2018,9,6,2,2018,0,0.410718326,465971
770,2/10/2018,10,6,2,2018,1,-10.9247142,415065
771,2/11/2018,11,6,2,2018,1,-2.910628456,402984
772,2/12/2018,12,7,2,2018,0,7.334038076,432539
773,2/13/2018,13,7,2,2018,0,3.349524552,447027
774,2/14/2018,14,7,2,2018,0,-3.838918007,429866
775,2/15/2018,15,7,2,2018,0,-3.444096532,415061
776,2/16/2018,16,7,2,2018,0,-0.221413238,414142
777,2/17/2018,17,7,2,2018,1,-1.113869156,409529
778,2/18/2018,18,7,2,2018,1,-3.021031478,397157
779,2/19/2018,19,8,2,2018,0,4.790045247,416181
780,2/20/2018,20,8,2,2018,0,-3.10393795,403263
781,2/21/2018,21,8,2,2018,0,-0.851305476,399830
782,2/22/2018,22,8,2,2018,0,4.569442013,418100
783,2/23/2018,23,8,2,2018,0,2.292035398,427683
784,2/24/2018,24,8,2,2018,1,-9.290993563,387947
785,2/25/2018,25,8,2,2018,1,0.408303196,389531
786,2/26/2018,26,9,2,2018,0,6.205667842,413704
787,2/27/2018,27,9,2,2018,0,-1.182487962,408812
788,2/28/2018,28,9,2,2018,0,-2.038834476,400477
789,3/1/2018,1,9,3,2018,0,0.443471161,402253
790,3/2/2018,2,9,3,2018,0,5.280756141,423495
791,3/3/2018,3,9,3,2018,1,-7.375529817,392260
792,3/4/2018,4,9,3,2018,1,-0.558048233,390071
793,3/5/2018,5,10,3,2018,0,10.34965429,430442
794,3/6/2018,6,10,3,2018,0,-2.380343926,420196
795,3/7/2018,7,10,3,2018,0,3.858913459,436411
796,3/8/2018,8,10,3,2018,0,-0.830639008,432786
797,3/9/2018,9,10,3,2018,0,-0.041590994,432606
798,3/10/2018,10,10,3,2018,1,-6.102088274,406208
799,3/11/2018,11,10,3,2018,1,-7.639682133,375175
800,3/12/2018,12,11,3,2018,0,14.05344173,427900
801,3/13/2018,13,11,3,2018,0,2.163122225,437156
802,3/14/2018,14,11,3,2018,0,-0.178197257,436377
803,3/15/2018,15,11,3,2018,0,-1.574097627,429508
804,3/16/2018,16,11,3,2018,0,0.363439098,431069
805,3/17/2018,17,11,3,2018,1,-6.51148656,403000
806,3/18/2018,18,11,3,2018,1,-1.903970223,395327
807,3/19/2018,19,12,3,2018,0,7.252982974,424000
808,3/20/2018,20,12,3,2018,0,3.27995283,437907
809,3/21/2018,21,12,3,2018,0,0.721842766,441068
810,3/22/2018,22,12,3,2018,0,-3.247118358,426746
811,3/23/2018,23,12,3,2018,0,-2.210917033,417311
812,3/24/2018,24,12,3,2018,1,-7.434503284,386286
813,3/25/2018,25,12,3,2018,1,0.441900561,387993
814,3/26/2018,26,13,3,2018,0,6.653470552,413808
815,3/27/2018,27,13,3,2018,0,1.71528825,420906
816,3/28/2018,28,13,3,2018,0,-1.959344842,412659
817,3/29/2018,29,13,3,2018,0,-1.150829135,407910
818,3/30/2018,30,13,3,2018,0,-3.614522811,393166
819,3/31/2018,31,13,3,2018,1,-6.450964732,367803
820,4/1/2018,1,13,4,2018,1,-2.440980634,358825
821,4/2/2018,2,14,4,2018,0,13.55117397,407450
822,4/3/2018,3,14,4,2018,0,3.014112161,419731
823,4/4/2018,4,14,4,2018,0,-2.468724016,409369
824,4/5/2018,5,14,4,2018,0,1.931020668,417274
825,4/6/2018,6,14,4,2018,0,0.28326711,418456
826,4/7/2018,7,14,4,2018,1,-7.715506529,386170
827,4/8/2018,8,14,4,2018,1,0.205608929,386964
828,4/9/2018,9,15,4,2018,0,7.218500946,414897
829,4/10/2018,10,15,4,2018,0,-0.3094744,413613
830,4/11/2018,11,15,4,2018,0,-1.494150329,407433
831,4/12/2018,12,15,4,2018,0,-1.246339889,402355
832,4/13/2018,13,15,4,2018,0,-2.786842465,391142
833,4/14/2018,14,15,4,2018,1,-6.576384024,365419
834,4/15/2018,15,15,4,2018,1,4.374430448,381404
835,4/16/2018,16,16,4,2018,0,8.794611488,414947
836,4/17/2018,17,16,4,2018,0,-0.845891162,411437
837,4/18/2018,18,16,4,2018,0,-1.203100353,406487
838,4/19/2018,19,16,4,2018,0,0.937545358,410298
839,4/20/2018,20,16,4,2018,0,-2.077514392,401774
840,4/21/2018,21,16,4,2018,1,-10.27493068,360492
841,4/22/2018,22,16,4,2018,1,-4.597328096,343919
842,4/23/2018,23,17,4,2018,0,9.270206066,375801
843,4/24/2018,24,17,4,2018,0,-0.667640586,373292
844,4/25/2018,25,17,4,2018,0,2.998724859,384486
845,4/26/2018,26,17,4,2018,0,-1.170653808,379985
846,4/27/2018,27,17,4,2018,0,0.798978907,383021
847,4/28/2018,28,17,4,2018,1,-8.592740346,350109
848,4/29/2018,29,17,4,2018,1,0.002570628,350118
849,4/30/2018,30,18,4,2018,0,10.03947241,385268
850,5/1/2018,1,18,5,2018,0,-2.04221477,377400
851,5/2/2018,2,18,5,2018,0,4.991785904,396239
852,5/3/2018,3,18,5,2018,0,10.1057695,436282
853,5/4/2018,4,18,5,2018,0,0.964513778,440490
854,5/5/2018,5,18,5,2018,1,-16.96792209,365748
855,5/6/2018,6,18,5,2018,1,-4.314719424,349967
856,5/7/2018,7,19,5,2018,0,9.075427112,381728
857,5/8/2018,8,19,5,2018,0,0.494854975,383617
858,5/9/2018,9,19,5,2018,0,1.810138758,390561
859,5/10/2018,10,19,5,2018,0,-1.230793653,385754
860,5/11/2018,11,19,5,2018,0,-2.517925932,376041
861,5/12/2018,12,19,5,2018,1,-6.266072051,352478
862,5/13/2018,13,19,5,2018,1,-3.259210504,340990
863,5/14/2018,14,20,5,2018,0,11.81266313,381270
864,5/15/2018,15,20,5,2018,0,6.947569964,407759
865,5/16/2018,16,20,5,2018,0,-4.408486385,389783
866,5/17/2018,17,20,5,2018,0,0.976440738,393589
867,5/18/2018,18,20,5,2018,0,-3.247041965,380809
868,5/19/2018,19,20,5,2018,1,-6.153478515,357376
869,5/20/2018,20,20,5,2018,1,2.502966064,366321
870,5/21/2018,21,21,5,2018,0,8.554792109,397659
871,5/22/2018,22,21,5,2018,0,-0.797416882,394488
872,5/23/2018,23,21,5,2018,0,3.199336862,407109
873,5/24/2018,24,21,5,2018,0,2.589969762,417653
874,5/25/2018,25,21,5,2018,0,5.326670705,439900
875,5/26/2018,26,21,5,2018,1,1.297567629,445608
876,5/27/2018,27,21,5,2018,1,-12.5197483,389819
877,5/28/2018,28,22,5,2018,0,-4.076507302,373928
878,5/29/2018,29,22,5,2018,0,24.25975054,464642
879,5/30/2018,30,22,5,2018,0,-0.22684131,463588
880,5/31/2018,31,22,5,2018,0,-2.991880722,449718
881,6/1/2018,1,22,6,2018,0,5.036267172,472367
882,6/2/2018,2,22,6,2018,1,-4.22764503,452397
883,6/3/2018,3,22,6,2018,1,-17.01558587,375419
884,6/4/2018,4,23,6,2018,0,5.33936748,395464
885,6/5/2018,5,23,6,2018,0,1.346772399,400790
886,6/6/2018,6,23,6,2018,0,-1.492053195,394810
887,6/7/2018,7,23,6,2018,0,1.474633368,400632
888,6/8/2018,8,23,6,2018,0,6.769054893,427751
889,6/9/2018,9,23,6,2018,1,-5.294902876,405102
890,6/10/2018,10,23,6,2018,1,-6.27693766,379674
891,6/11/2018,11,24,6,2018,0,7.195120024,406992
892,6/12/2018,12,24,6,2018,0,3.932386877,422996.5
893,6/13/2018,13,24,6,2018,0,3.783601046,439001
894,6/14/2018,14,24,6,2018,0,2.819355765,451378
895,6/15/2018,15,24,6,2018,0,-5.553217038,426312
896,6/16/2018,16,24,6,2018,1,-2.952297848,413726
897,6/17/2018,17,24,6,2018,1,9.042216346,451136
898,6/18/2018,18,25,6,2018,0,23.43617002,556865
899,6/19/2018,19,25,6,2018,0,-3.031255331,539985
900,6/20/2018,20,25,6,2018,0,-10.3773253,483949
901,6/21/2018,21,25,6,2018,0,0.569481495,486705
902,6/22/2018,22,25,6,2018,0,-6.816449389,453529
903,6/23/2018,23,25,6,2018,1,-12.64660033,396173
904,6/24/2018,24,25,6,2018,1,5.908025029,419579
905,6/25/2018,25,26,6,2018,0,9.239976262,458348
906,6/26/2018,26,26,6,2018,0,-2.968050477,444744
907,6/27/2018,27,26,6,2018,0,-0.146376342,444093
908,6/28/2018,28,26,6,2018,0,10.68875213,491561
909,6/29/2018,29,26,6,2018,0,8.699428962,534324
910,6/30/2018,30,26,6,2018,1,0.498948204,536990
911,7/1/2018,1,26,7,2018,1,8.834428947,584430
912,7/2/2018,2,27,7,2018,0,9.405916876,639401
913,7/3/2018,3,27,7,2018,0,-3.583353795,616489
914,7/4/2018,4,27,7,2018,0,-9.466024536,558132
915,7/5/2018,5,27,7,2018,0,10.35812317,615944
916,7/6/2018,6,27,7,2018,0,-11.29534503,546371
917,7/7/2018,7,27,7,2018,1,-24.20736093,414109
918,7/8/2018,8,27,7,2018,1,2.812303041,425755
919,7/9/2018,9,28,7,2018,0,19.97909596,510817
920,7/10/2018,10,28,7,2018,0,8.329793253,553367
921,7/11/2018,11,28,7,2018,0,-1.913738983,542777
922,7/12/2018,12,28,7,2018,0,-6.153540036,509377
923,7/13/2018,13,28,7,2018,0,1.817710654,518636
924,7/14/2018,14,28,7,2018,1,-1.719896035,509716
925,7/15/2018,15,28,7,2018,1,0.546578879,512502
926,7/16/2018,16,29,7,2018,0,17.86627174,604067
927,7/17/2018,17,29,7,2018,0,-4.507447022,576839
928,7/18/2018,18,29,7,2018,0,-11.86968981,508370
929,7/19/2018,19,29,7,2018,0,-4.344866928,486282
930,7/20/2018,20,29,7,2018,0,3.944007798,505461
931,7/21/2018,21,29,7,2018,1,-11.25329155,448580
932,7/22/2018,22,29,7,2018,1,4.510009363,468811
933,7/23/2018,23,30,7,2018,0,17.44711622,550605
934,7/24/2018,24,30,7,2018,0,3.85067335,571807
935,7/25/2018,25,30,7,2018,0,-4.368082238,546830
936,7/26/2018,26,30,7,2018,0,0.549896677,549837
937,7/27/2018,27,30,7,2018,0,-0.208061662,548693
938,7/28/2018,28,30,7,2018,1,-9.427676314,496964
939,7/29/2018,29,30,7,2018,1,-6.20407112,466132
940,7/30/2018,30,31,7,2018,0,6.153836252,494817
941,7/31/2018,31,31,7,2018,0,3.598704167,512624
942,8/1/2018,1,31,8,2018,0,8.60396704,556730
943,8/2/2018,2,31,8,2018,0,4.52984391,581949
944,8/3/2018,3,31,8,2018,0,-3.42933831,561992
945,8/4/2018,4,31,8,2018,1,-7.323413856,520835
946,8/5/2018,5,31,8,2018,1,3.489204835,539008
947,8/6/2018,6,32,8,2018,0,15.55245933,622837
948,8/7/2018,7,32,8,2018,0,-2.045960661,610094
949,8/8/2018,8,32,8,2018,0,-2.647624792,593941
950,8/9/2018,9,32,8,2018,0,-0.947737233,588312
951,8/10/2018,10,32,8,2018,0,-6.394736126,550691
952,8/11/2018,11,32,8,2018,1,-12.55858549,481532
953,8/12/2018,12,32,8,2018,1,0.959022453,486150
954,8/13/2018,13,33,8,2018,0,5.514347424,512958
955,8/14/2018,14,33,8,2018,0,1.659005221,521468
956,8/15/2018,15,33,8,2018,0,5.712526943,551257
957,8/16/2018,16,33,8,2018,0,6.066136122,584697
958,8/17/2018,17,33,8,2018,0,-0.181974595,583633
959,8/18/2018,18,33,8,2018,1,-12.26044449,512077
960,8/19/2018,19,33,8,2018,1,-14.45231869,438070
961,8/20/2018,20,34,8,2018,0,7.359326135,470309
962,8/21/2018,21,34,8,2018,0,2.12519854,480304
963,8/22/2018,22,34,8,2018,0,5.795912589,508142
964,8/23/2018,23,34,8,2018,0,-8.601139052,464436
965,8/24/2018,24,34,8,2018,0,2.045061106,473934
966,8/25/2018,25,34,8,2018,1,-5.934792608,445807
967,8/26/2018,26,34,8,2018,1,4.370949761,465293
968,8/27/2018,27,35,8,2018,0,22.2115957,568642
969,8/28/2018,28,35,8,2018,0,11.60484101,634632
970,8/29/2018,29,35,8,2018,0,2.565423742,650913
971,8/30/2018,30,35,8,2018,0,-8.524334281,595427
972,8/31/2018,31,35,8,2018,0,-16.64234239,496334
973,9/1/2018,1,35,9,2018,1,-9.062042899,451356
974,9/2/2018,2,35,9,2018,1,4.357979068,471026
975,9/3/2018,3,36,9,2018,0,17.85230539,555115
976,9/4/2018,4,36,9,2018,0,10.75128577,614797
977,9/5/2018,5,36,9,2018,0,1.305308907,622822
978,9/6/2018,6,36,9,2018,0,-1.617637142,612747
979,9/7/2018,7,36,9,2018,0,-17.19665702,507375
980,9/8/2018,8,36,9,2018,1,-19.81926583,406817
981,9/9/2018,9,36,9,2018,1,-9.959269155,366301
982,9/10/2018,10,37,9,2018,0,9.557167466,401309
983,9/11/2018,11,37,9,2018,0,6.003852393,425403
984,9/12/2018,12,37,9,2018,0,9.690105617,466625
985,9/13/2018,13,37,9,2018,0,2.44243236,478022
986,9/14/2018,14,37,9,2018,0,0.127399994,478631
987,9/15/2018,15,37,9,2018,1,-4.19655225,458545
988,9/16/2018,16,37,9,2018,1,2.697009018,470912
989,9/17/2018,17,38,9,2018,0,6.172066119,499977
990,9/18/2018,18,38,9,2018,0,2.322506835,511589
991,9/19/2018,19,38,9,2018,0,-6.566012952,477998
992,9/20/2018,20,38,9,2018,0,-7.842710639,440510
993,9/21/2018,21,38,9,2018,0,2.940455381,453463
994,9/22/2018,22,38,9,2018,1,-12.63697369,396159
995,9/23/2018,23,38,9,2018,1,-7.768093114,365385
996,9/24/2018,24,39,9,2018,0,8.121296714,395059
997,9/25/2018,25,39,9,2018,0,5.058991189,415045
998,9/26/2018,26,39,9,2018,0,11.74571432,463795
999,9/27/2018,27,39,9,2018,0,-10.54797917,414874
1000,9/28/2018,28,39,9,2018,0,-4.451472013,396406
1001,9/29/2018,29,39,9,2018,1,-8.83034061,361402
1002,9/30/2018,30,39,9,2018,1,-1.619802879,355548
1003,10/1/2018,1,40,10,2018,0,15.80377333,411738
1004,10/2/2018,2,40,10,2018,0,5.197722824,433139
1005,10/3/2018,3,40,10,2018,0,-2.054767638,424239
1006,10/4/2018,4,40,10,2018,0,1.078637278,428815
1007,10/5/2018,5,40,10,2018,0,-6.754194699,399852
1008,10/6/2018,6,40,10,2018,1,-6.069495713,375583
1009,10/7/2018,7,40,10,2018,1,4.370006097,391996
1010,10/8/2018,8,41,10,2018,0,5.885264135,415066
1011,10/9/2018,9,41,10,2018,0,7.770330502,447318
1012,10/10/2018,10,41,10,2018,0,4.728179953,468468
1013,10/11/2018,11,41,10,2018,0,-0.626937165,465531
1014,10/12/2018,12,41,10,2018,0,-15.1983434,394778
1015,10/13/2018,13,41,10,2018,1,-10.38355734,353786
1016,10/14/2018,14,41,10,2018,1,-2.302239207,345641
1017,10/15/2018,15,42,10,2018,0,14.19391797,394701
1018,10/16/2018,16,42,10,2018,0,-2.624771663,384341
1019,10/17/2018,17,42,10,2018,0,1.219229799,389027
1020,10/18/2018,18,42,10,2018,0,1.444886859,394648
1021,10/19/2018,19,42,10,2018,0,-1.289756948,389558
1022,10/20/2018,20,42,10,2018,1,-8.031923359,358269
1023,10/21/2018,21,42,10,2018,1,1.141042066,362357
1024,10/22/2018,22,43,10,2018,0,10.13972408,399099
1025,10/23/2018,23,43,10,2018,0,-1.764223914,392058
1026,10/24/2018,24,43,10,2018,0,1.073565646,396267
1027,10/25/2018,25,43,10,2018,0,0.611456417,398690
1028,10/26/2018,26,43,10,2018,0,-0.130427149,398170
1029,10/27/2018,27,43,10,2018,1,-4.031946154,382116
1030,10/28/2018,28,43,10,2018,1,-4.618492814,364468
1031,10/29/2018,29,44,10,2018,0,9.287509466,398318
1032,10/30/2018,30,44,10,2018,0,-0.14849944,397726.5
1033,10/31/2018,31,44,10,2018,0,-0.148720289,397135
1034,11/1/2018,1,44,11,2018,0,0.21252219,397979
1035,11/2/2018,2,44,11,2018,0,1.031963998,402086
1036,11/3/2018,3,44,11,2018,1,-8.109707873,369478
1037,11/4/2018,4,44,11,2018,1,1.880761507,376427
1038,11/5/2018,5,45,11,2018,0,7.646369681,405210
1039,11/6/2018,6,45,11,2018,0,-0.524419437,403085
1040,11/7/2018,7,45,11,2018,0,-2.337224159,393664
1041,11/8/2018,8,45,11,2018,0,1.049626077,397796
1042,11/9/2018,9,45,11,2018,0,3.024163139,409826
1043,11/10/2018,10,45,11,2018,1,-6.529844373,383065
1044,11/11/2018,11,45,11,2018,1,-1.054129195,379027
1045,11/12/2018,12,46,11,2018,0,8.06987365,409614
1046,11/13/2018,13,46,11,2018,0,1.919612123,417477
1047,11/14/2018,14,46,11,2018,0,2.999925744,430001
1048,11/15/2018,15,46,11,2018,0,4.225339011,448170
1049,11/16/2018,16,46,11,2018,0,-3.323069371,433277
1050,11/17/2018,17,46,11,2018,1,-8.117209083,398107
1051,11/18/2018,18,46,11,2018,1,-0.729452132,395203
1052,11/19/2018,19,47,11,2018,0,5.911898442,418567
1053,11/20/2018,20,47,11,2018,0,1.213186897,423645
1054,11/21/2018,21,47,11,2018,0,2.895584747,435912
1055,11/22/2018,22,47,11,2018,0,-3.26487915,421680
1056,11/23/2018,23,47,11,2018,0,3.519493455,436521
1057,11/24/2018,24,47,11,2018,1,-6.119980482,409806
1058,11/25/2018,25,47,11,2018,1,-5.844228733,385856
1059,11/26/2018,26,48,11,2018,0,9.794586582,423649
1060,11/27/2018,27,48,11,2018,0,1.692438788,430819
1061,11/28/2018,28,48,11,2018,0,1.81096934,438621
1062,11/29/2018,29,48,11,2018,0,-1.179378096,433448
1063,11/30/2018,30,48,11,2018,0,-0.607685351,430814
1064,12/1/2018,1,48,12,2018,1,-7.099119342,400230
1065,12/2/2018,2,48,12,2018,1,-2.291932139,391057
1066,12/3/2018,3,49,12,2018,0,6.375029727,415987
1067,12/4/2018,4,49,12,2018,0,4.468889653,434577
1068,12/5/2018,5,49,12,2018,0,3.106929267,448079
1069,12/6/2018,6,49,12,2018,0,0.182557094,448897
1070,12/7/2018,7,49,12,2018,0,-0.801965707,445297
1071,12/8/2018,8,49,12,2018,1,-3.005409873,431914
1072,12/9/2018,9,49,12,2018,1,-1.810545618,424094
1073,12/10/2018,10,50,12,2018,0,6.047715837,449742
1074,12/11/2018,11,50,12,2018,0,1.176896976,455035
1075,12/12/2018,12,50,12,2018,0,-0.864988407,451099
1076,12/13/2018,13,50,12,2018,0,0.801819556,454716
1077,12/14/2018,14,50,12,2018,0,-4.564167524,433962
1078,12/15/2018,15,50,12,2018,1,-7.793769961,400140
1079,12/16/2018,16,50,12,2018,1,2.211725896,408990
1080,12/17/2018,17,51,12,2018,0,7.141494902,438198
1081,12/18/2018,18,51,12,2018,0,3.596775887,453959
1082,12/19/2018,19,51,12,2018,0,-0.54564399,451482
1083,12/20/2018,20,51,12,2018,0,-2.346272941,440889
1084,12/21/2018,21,51,12,2018,0,-4.989464468,418891
1085,12/22/2018,22,51,12,2018,1,-3.836558914,402820
1086,12/23/2018,23,51,12,2018,1,0.267861576,403899
1087,12/24/2018,24,52,12,2018,0,1.991091832,411941
1088,12/25/2018,25,52,12,2018,0,-5.44980956,389491
1089,12/26/2018,26,52,12,2018,0,10.53220742,430513
1090,12/27/2018,27,52,12,2018,0,-0.88801035,426690
1091,12/28/2018,28,52,12,2018,0,-2.359089737,416624
1092,12/29/2018,29,52,12,2018,1,-6.535389224,389396
1093,12/30/2018,30,52,12,2018,1,3.26916558,402126
1094,12/31/2018,31,1,12,2018,0,2.987620795,414140
1095,1/1/2019,1,1,1,2019,0,-8.120442362,380510
1096,1/2/2019,2,1,1,2019,0,13.19833907,430731
1097,1/3/2019,3,1,1,2019,0,0.226127212,431705
1098,1/4/2019,4,1,1,2019,0,-1.600166781,424797
1099,1/5/2019,5,1,1,2019,1,-5.800888424,400155
1100,1/6/2019,6,1,1,2019,1,-0.510052355,398114
1101,1/7/2019,7,2,1,2019,0,14.07536535,454150
1102,1/8/2019,8,2,1,2019,0,-4.082131454,435611
1103,1/9/2019,9,2,1,2019,0,-0.738732493,432393
1104,1/10/2019,10,2,1,2019,0,5.105771833,454470
1105,1/11/2019,11,2,1,2019,0,2.865095606,467491
1106,1/12/2019,12,2,1,2019,1,-5.232186288,443031
1107,1/13/2019,13,2,1,2019,1,-1.798971178,435061
1108,1/14/2019,14,3,1,2019,0,7.485157254,467626
1109,1/15/2019,15,3,1,2019,0,-1.26147819,461727
1110,1/16/2019,16,3,1,2019,0,-1.548750669,454576
1111,1/17/2019,17,3,1,2019,0,1.861514906,463038
1112,1/18/2019,18,3,1,2019,0,-2.302618792,452376
1113,1/19/2019,19,3,1,2019,1,-3.835747254,435024
1114,1/20/2019,20,3,1,2019,1,2.579168046,446244
1115,1/21/2019,21,4,1,2019,0,15.12535743,513740
1116,1/22/2019,22,4,1,2019,0,-2.505547553,500868
1117,1/23/2019,23,4,1,2019,0,-7.120239265,465205
1118,1/24/2019,24,4,1,2019,0,-5.227802797,440885
1119,1/25/2019,25,4,1,2019,0,1.371105844,446930
1120,1/26/2019,26,4,1,2019,1,-2.855928221,434166
1121,1/27/2019,27,4,1,2019,1,-3.589410502,418582
1122,1/28/2019,28,5,1,2019,0,9.884801544,459958
1123,1/29/2019,29,5,1,2019,0,1.687980207,467722
1124,1/30/2019,30,5,1,2019,0,4.031454582,486578
1125,1/31/2019,31,5,1,2019,0,7.744287658,524260
1126,2/1/2019,1,5,2,2019,0,-2.729561668,509950
1127,2/2/2019,2,5,2,2019,1,-9.049710756,463801
1128,2/3/2019,3,5,2,2019,1,-11.26927281,411534
1129,2/4/2019,4,6,2,2019,0,1.362220375,417140
1130,2/5/2019,5,6,2,2019,0,-0.669559381,414347
1131,2/6/2019,6,6,2,2019,0,3.587814079,429213
1132,2/7/2019,7,6,2,2019,0,-0.259078826,428101
1133,2/8/2019,8,6,2,2019,0,0.110487946,428574
1134,2/9/2019,9,6,2,2019,1,1.181126247,433636
1135,2/10/2019,10,6,2,2019,1,-2.716102907,421858
1136,2/11/2019,11,7,2,2019,0,6.251866742,448232
1137,2/12/2019,12,7,2,2019,0,4.26676364,467357
1138,2/13/2019,13,7,2,2019,0,-4.057497801,448394
1139,2/14/2019,14,7,2,2019,0,-2.522558286,437083
1140,2/15/2019,15,7,2,2019,0,-3.029401738,423842
1141,2/16/2019,16,7,2,2019,1,-5.745301315,399491
1142,2/17/2019,17,7,2,2019,1,0.957468379,403316
1143,2/18/2019,18,8,2,2019,0,8.096876891,435972
1144,2/19/2019,19,8,2,2019,0,4.092464654,453814
1145,2/20/2019,20,8,2,2019,0,2.003463974,462906
1146,2/21/2019,21,8,2,2019,0,-7.687305846,427321
1147,2/22/2019,22,8,2,2019,0,-1.278430033,421858
1148,2/23/2019,23,8,2,2019,1,-5.150548289,400130
1149,2/24/2019,24,8,2,2019,1,-1.290330643,394967
1150,2/25/2019,25,9,2,2019,0,11.84934438,441768
1151,2/26/2019,26,9,2,2019,0,2.937061987,454743
1152,2/27/2019,27,9,2,2019,0,3.123082708,468945
1153,2/28/2019,28,9,2,2019,0,-3.281195023,453558
1154,3/1/2019,1,9,3,2019,0,-1.934261991,444785
1155,3/2/2019,2,9,3,2019,1,-7.011927111,413597
1156,3/3/2019,3,9,3,2019,1,-3.064335573,400923
1157,3/4/2019,4,10,3,2019,0,9.950539131,440817
1158,3/5/2019,5,10,3,2019,0,3.620323173,456776
1159,3/6/2019,6,10,3,2019,0,3.081379057,470851
1160,3/7/2019,7,10,3,2019,0,0.013380029,470914
1161,3/8/2019,8,10,3,2019,0,-4.415455901,450121
1162,3/9/2019,9,10,3,2019,1,-10.29700903,403772
1163,3/10/2019,10,10,3,2019,1,-2.912287132,392013
1164,3/11/2019,11,11,3,2019,0,4.3516414,409072
1165,3/12/2019,12,11,3,2019,0,4.170170532,426131
1166,3/13/2019,13,11,3,2019,0,-0.346607029,424654
1167,3/14/2019,14,11,3,2019,0,-5.060355018,403165
1168,3/15/2019,15,11,3,2019,0,-2.117991393,394626
1169,3/16/2019,16,11,3,2019,1,-3.74633197,379842
1170,3/17/2019,17,11,3,2019,1,1.605141085,385939
1171,3/18/2019,18,12,3,2019,0,8.718476236,419587
1172,3/19/2019,19,12,3,2019,0,-1.07820309,415063
1173,3/20/2019,20,12,3,2019,0,-2.348559134,405315
1174,3/21/2019,21,12,3,2019,0,1.670552533,412086
1175,3/22/2019,22,12,3,2019,0,0.792067675,415350
1176,3/23/2019,23,12,3,2019,1,-5.223787167,393653
1177,3/24/2019,24,12,3,2019,1,-4.895174176,374383
1178,3/25/2019,25,13,3,2019,0,6.41455408,398398
1179,3/26/2019,26,13,3,2019,0,2.205332356,407184
1180,3/27/2019,27,13,3,2019,0,-0.031189831,407057
1181,3/28/2019,28,13,3,2019,0,-0.596722326,404628
1182,3/29/2019,29,13,3,2019,0,-2.321885782,395233
1183,3/30/2019,30,13,3,2019,1,-9.697317785,356906
1184,3/31/2019,31,13,3,2019,1,1.958218691,363895
1185,4/1/2019,1,14,4,2019,0,11.17410242,404557
1186,4/2/2019,2,14,4,2019,0,-0.743776526,401548
1187,4/3/2019,3,14,4,2019,0,-3.098010699,389108
1188,4/4/2019,4,14,4,2019,0,0.069132477,389377
1189,4/5/2019,5,14,4,2019,0,4.691340269,407644
1190,4/6/2019,6,14,4,2019,1,-12.0119516,358678
1191,4/7/2019,7,14,4,2019,1,-4.400883243,342893
1192,4/8/2019,8,15,4,2019,0,10.87977882,380199
1193,4/9/2019,9,15,4,2019,0,0.571542797,382372
1194,4/10/2019,10,15,4,2019,0,0.327952884,383626
1195,4/11/2019,11,15,4,2019,0,2.923941547,394843
1196,4/12/2019,12,15,4,2019,0,-2.980425131,383075
1197,4/13/2019,13,15,4,2019,1,-9.913985512,345097
1198,4/14/2019,14,15,4,2019,1,1.104616963,348909
1199,4/15/2019,15,16,4,2019,0,10.26743363,384733
1200,4/16/2019,16,16,4,2019,0,-1.608648075,378544
1201,4/17/2019,17,16,4,2019,0,-2.985121941,367244
1202,4/18/2019,18,16,4,2019,0,2.679962096,377086
1203,4/19/2019,19,16,4,2019,0,-2.853990867,366324
1204,4/20/2019,20,16,4,2019,1,-5.100402922,347640
1205,4/21/2019,21,16,4,2019,1,-5.268381084,329325
1206,4/22/2019,22,17,4,2019,0,11.07477416,365797
1207,4/23/2019,23,17,4,2019,0,0.516953392,367688
1208,4/24/2019,24,17,4,2019,0,0.06663258,367933
1209,4/25/2019,25,17,4,2019,0,-1.932960621,360821
1210,4/26/2019,26,17,4,2019,0,3.101260736,372011
1211,4/27/2019,27,17,4,2019,1,-6.128851029,349211
1212,4/28/2019,28,17,4,2019,1,-0.607655543,347089
1213,4/29/2019,29,18,4,2019,0,7.479061566,373048
1214,4/30/2019,30,18,4,2019,0,0.887821406,376360
1215,5/1/2019,1,18,5,2019,0,0.499521735,378240
1216,5/2/2019,2,18,5,2019,0,-0.846023689,375040
1217,5/3/2019,3,18,5,2019,0,-1.018024744,371222
1218,5/4/2019,4,18,5,2019,1,-7.693509544,342662
1219,5/5/2019,5,18,5,2019,1,-0.583373704,340663
1220,5/6/2019,6,19,5,2019,0,6.955554316,364358
1221,5/7/2019,7,19,5,2019,0,1.340439897,369242
1222,5/8/2019,8,19,5,2019,0,-0.788913504,366329
1223,5/9/2019,9,19,5,2019,0,0.843777042,369420
1224,5/10/2019,10,19,5,2019,0,1.932488766,376559
1225,5/11/2019,11,19,5,2019,1,-11.05165459,334943
1226,5/12/2019,12,19,5,2019,1,3.013049982,345035
1227,5/13/2019,13,20,5,2019,0,12.07094932,386684
1228,5/14/2019,14,20,5,2019,0,-0.233524014,385781
1229,5/15/2019,15,20,5,2019,0,-3.753424871,371301
1230,5/16/2019,16,20,5,2019,0,-0.79531162,368348
1231,5/17/2019,17,20,5,2019,0,2.062994777,375947
1232,5/18/2019,18,20,5,2019,1,-10.04928886,338167
1233,5/19/2019,19,20,5,2019,1,4.796446726,354387
1234,5/20/2019,20,21,5,2019,0,18.83618756,421140
1235,5/21/2019,21,21,5,2019,0,-10.10400342,378588
1236,5/22/2019,22,21,5,2019,0,-0.641330417,376160
1237,5/23/2019,23,21,5,2019,0,3.257656316,388414
1238,5/24/2019,24,21,5,2019,0,-0.539372937,386319
1239,5/25/2019,25,21,5,2019,1,-10.08104701,347374
1240,5/26/2019,26,21,5,2019,1,6.842768889,371144
1241,5/27/2019,27,22,5,2019,0,2.011079258,378608
1242,5/28/2019,28,22,5,2019,0,6.463677471,403080
1243,5/29/2019,29,22,5,2019,0,-2.351146174,393603
1244,5/30/2019,30,22,5,2019,0,-1.382865476,388160
1245,5/31/2019,31,22,5,2019,0,4.566415911,405885
1246,6/1/2019,1,22,6,2019,1,-5.891077522,381974
1247,6/2/2019,2,22,6,2019,1,0.411284538,383545
1248,6/3/2019,3,23,6,2019,0,1.262172626,388386
1249,6/4/2019,4,23,6,2019,0,-1.327287801,383231
1250,6/5/2019,5,23,6,2019,0,8.753728169,416778
1251,6/6/2019,6,23,6,2019,0,8.34521016,451559
1252,6/7/2019,7,23,6,2019,0,-3.962715836,433665
1253,6/8/2019,8,23,6,2019,1,-9.558069016,392215
1254,6/9/2019,9,23,6,2019,1,-3.614599136,378038
1255,6/10/2019,10,24,6,2019,0,9.052264587,412259
1256,6/11/2019,11,24,6,2019,0,0.165672551,412942
1257,6/12/2019,12,24,6,2019,0,-2.306377167,403418
1258,6/13/2019,13,24,6,2019,0,-2.181360276,394618
1259,6/14/2019,14,24,6,2019,0,-1.522991855,388608
1260,6/15/2019,15,24,6,2019,1,-3.268332098,375907
1261,6/16/2019,16,24,6,2019,1,3.644518458,389607
1262,6/17/2019,17,25,6,2019,0,12.49207535,438277
1263,6/18/2019,18,25,6,2019,0,0.461123901,440298
1264,6/19/2019,19,25,6,2019,0,-0.392915707,438568
1265,6/20/2019,20,25,6,2019,0,2.243209719,448406
1266,6/21/2019,21,25,6,2019,0,-3.878627851,431014
1267,6/22/2019,22,25,6,2019,1,-9.144714557,391599
1268,6/23/2019,23,25,6,2019,1,3.018649179,403420
1269,6/24/2019,24,26,6,2019,0,16.08175103,468297
1270,6/25/2019,25,26,6,2019,0,6.007725866,496431
1271,6/26/2019,26,26,6,2019,0,3.655694346,514579
1272,6/27/2019,27,26,6,2019,0,2.684330297,528392
1273,6/28/2019,28,26,6,2019,0,0.629078411,531716
1274,6/29/2019,29,26,6,2019,1,-3.81669914,511422
1275,6/30/2019,30,26,6,2019,1,-11.39900122,453125
1276,7/1/2019,1,27,7,2019,0,6.557793103,482840
1277,7/2/2019,2,27,7,2019,0,5.633336095,510040
1278,7/3/2019,3,27,7,2019,0,6.552231198,543459
1279,7/4/2019,4,27,7,2019,0,-5.500138925,513568
1280,7/5/2019,5,27,7,2019,0,5.78443361,543275
1281,7/6/2019,6,27,7,2019,1,-1.404077125,535647
1282,7/7/2019,7,27,7,2019,1,-10.01779157,481987
1283,7/8/2019,8,28,7,2019,0,0.546280294,484620
1284,7/9/2019,9,28,7,2019,0,6.22590896,514792
1285,7/10/2019,10,28,7,2019,0,7.972346113,555833
1286,7/11/2019,11,28,7,2019,0,0.359100665,557829
1287,7/12/2019,12,28,7,2019,0,-4.516975632,532632
1288,7/13/2019,13,28,7,2019,1,-7.141703841,494593
1289,7/14/2019,14,28,7,2019,1,3.411896246,511468
1290,7/15/2019,15,29,7,2019,0,3.547631523,529613
1291,7/16/2019,16,29,7,2019,0,7.351405649,568547
1292,7/17/2019,17,29,7,2019,0,5.653886134,600692
1293,7/18/2019,18,29,7,2019,0,-7.154415241,557716
1294,7/19/2019,19,29,7,2019,0,4.998422136,585593
1295,7/20/2019,20,29,7,2019,1,6.447139908,623347
1296,7/21/2019,21,29,7,2019,1,-0.613783334,619521
1297,7/22/2019,22,30,7,2019,0,-7.389902844,573739
1298,7/23/2019,23,30,7,2019,0,-13.62832229,495548
1299,7/24/2019,24,30,7,2019,0,-0.828577655,491442
1300,7/25/2019,25,30,7,2019,0,1.958522064,501067
1301,7/26/2019,26,30,7,2019,0,3.39515474,518079
1302,7/27/2019,27,30,7,2019,1,-3.497150049,499961
1303,7/28/2019,28,30,7,2019,1,4.902782417,524473
1304,7/29/2019,29,31,7,2019,0,13.92922038,597528
1305,7/30/2019,30,31,7,2019,0,2.147012358,610357
1306,7/31/2019,31,31,7,2019,0,-7.594244024,564005
1307,8/1/2019,1,31,8,2019,0,-5.643389686,532176
1308,8/2/2019,2,31,8,2019,0,-2.239860497,520256
1309,8/3/2019,3,31,8,2019,1,-2.964309878,504834
1310,8/4/2019,4,31,8,2019,1,-2.906896128,490159
1311,8/5/2019,5,32,8,2019,0,3.416034389,506903
1312,8/6/2019,6,32,8,2019,0,2.164319406,517874
1313,8/7/2019,7,32,8,2019,0,1.137728482,523766
1314,8/8/2019,8,32,8,2019,0,-1.043786729,518299
1315,8/9/2019,9,32,8,2019,0,-5.199701331,491349
1316,8/10/2019,10,32,8,2019,1,-11.98618497,432455
1317,8/11/2019,11,32,8,2019,1,-3.285428542,418247
1318,8/12/2019,12,33,8,2019,0,18.77670372,496780
1319,8/13/2019,13,33,8,2019,0,3.468537381,514011
1320,8/14/2019,14,33,8,2019,0,-1.057759464,508574
1321,8/15/2019,15,33,8,2019,0,-1.303841722,501943
1322,8/16/2019,16,33,8,2019,0,-0.935962848,497245
1323,8/17/2019,17,33,8,2019,1,-0.726804694,493631
1324,8/18/2019,18,33,8,2019,1,3.674809726,511771
1325,8/19/2019,19,34,8,2019,0,9.653731845,561176
1326,8/20/2019,20,34,8,2019,0,-1.384235962,553408
1327,8/21/2019,21,34,8,2019,0,2.397688505,566677
1328,8/22/2019,22,34,8,2019,0,-2.856477323,550490
1329,8/23/2019,23,34,8,2019,0,-15.76141256,463725
1330,8/24/2019,24,34,8,2019,1,-14.17628983,397986
1331,8/25/2019,25,34,8,2019,1,-2.100073872,389628
1332,8/26/2019,26,35,8,2019,0,7.609052737,419275
1333,8/27/2019,27,35,8,2019,0,1.487806332,425513
1334,8/28/2019,28,35,8,2019,0,6.947378811,455075
1335,8/29/2019,29,35,8,2019,0,-0.167005439,454315
1336,8/30/2019,30,35,8,2019,0,2.029869144,463537
1337,8/31/2019,31,35,8,2019,1,-9.817555017,418029
1338,9/1/2019,1,35,9,2019,1,-6.415583608,391210
1339,9/2/2019,2,36,9,2019,0,6.432862146,416376
1340,9/3/2019,3,36,9,2019,0,10.81882721,461423
1341,9/4/2019,4,36,9,2019,0,5.52464875,486915
1342,9/5/2019,5,36,9,2019,0,-10.55851637,435504
1343,9/6/2019,6,36,9,2019,0,-6.70510489,406303
1344,9/7/2019,7,36,9,2019,1,-9.217751284,368851
1345,9/8/2019,8,36,9,2019,1,1.941705458,376013
1346,9/9/2019,9,37,9,2019,0,12.20941829,421922
1347,9/10/2019,10,37,9,2019,0,4.16806898,439508
1348,9/11/2019,11,37,9,2019,0,13.83228519,500302
1349,9/12/2019,12,37,9,2019,0,-5.725142014,471659
1350,9/13/2019,13,37,9,2019,0,-15.12278998,400331
1351,9/14/2019,14,37,9,2019,1,-3.154639536,387702
1352,9/15/2019,15,37,9,2019,1,5.27131663,408139
1353,9/16/2019,16,38,9,2019,0,7.00202627,436717
1354,9/17/2019,17,38,9,2019,0,-5.797118042,411400
1355,9/18/2019,18,38,9,2019,0,-4.058337385,394704
1356,9/19/2019,19,38,9,2019,0,-2.686570189,384100
1357,9/20/2019,20,38,9,2019,0,2.381150742,393246
1358,9/21/2019,21,38,9,2019,1,-0.621748219,390801
1359,9/22/2019,22,38,9,2019,1,8.274287937,423137
1360,9/23/2019,23,39,9,2019,0,17.0890279,495447
1361,9/24/2019,24,39,9,2019,0,-11.42503638,438842
1362,9/25/2019,25,39,9,2019,0,-4.833174582,417632
1363,9/26/2019,26,39,9,2019,0,2.404509233,427674
1364,9/27/2019,27,39,9,2019,0,-5.992414783,402046
1365,9/28/2019,28,39,9,2019,1,0.276087811,403156
1366,9/29/2019,29,39,9,2019,1,-2.141850797,394521
1367,9/30/2019,30,40,9,2019,0,1.024280076,398562
1368,10/1/2019,1,40,10,2019,0,9.591481376,436790
1369,10/2/2019,2,40,10,2019,0,9.381396094,477767
1370,10/3/2019,3,40,10,2019,0,-16.55346644,398680
1371,10/4/2019,4,40,10,2019,0,-4.477275008,380830
1372,10/5/2019,5,40,10,2019,1,-9.629756059,344157
1373,10/6/2019,6,40,10,2019,1,3.875556795,357495
1374,10/7/2019,7,41,10,2019,0,13.27431153,404950
1375,10/8/2019,8,41,10,2019,0,-5.889862946,381099
1376,10/9/2019,9,41,10,2019,0,-1.415642655,375704
1377,10/10/2019,10,41,10,2019,0,-0.370770607,374311
1378,10/11/2019,11,41,10,2019,0,-0.336885638,373050
1379,10/12/2019,12,41,10,2019,1,-7.01836215,346868
1380,10/13/2019,13,41,10,2019,1,-2.810867535,337118
1381,10/14/2019,14,42,10,2019,0,11.16434008,374755
1382,10/15/2019,15,42,10,2019,0,-0.436818722,373118
1383,10/16/2019,16,42,10,2019,0,3.850524499,387485
1384,10/17/2019,17,42,10,2019,0,-0.930616669,383879
1385,10/18/2019,18,42,10,2019,0,-1.82896173,376858
1386,10/19/2019,19,42,10,2019,1,-8.445090724,345032
1387,10/20/2019,20,42,10,2019,1,1.179890561,349103
1388,10/21/2019,21,43,10,2019,0,7.140586016,374031
1389,10/22/2019,22,43,10,2019,0,2.579732696,383680
1390,10/23/2019,23,43,10,2019,0,-2.161436614,375387
1391,10/24/2019,24,43,10,2019,0,0.593254428,377614
1392,10/25/2019,25,43,10,2019,0,0.079446207,377914
1393,10/26/2019,26,43,10,2019,1,-8.447953767,345988
1394,10/27/2019,27,43,10,2019,1,3.320057343,357475
1395,10/28/2019,28,44,10,2019,0,4.910553186,375029
1396,10/29/2019,29,44,10,2019,0,1.090049036,379117
1397,10/30/2019,30,44,10,2019,0,0.849078253,382336
1398,10/31/2019,31,44,10,2019,0,2.945576666,393598
1399,11/1/2019,1,44,11,2019,0,-4.169990701,377185
1400,11/2/2019,2,44,11,2019,1,-5.245966833,357398
1401,11/3/2019,3,44,11,2019,1,4.137684039,372186
1402,11/4/2019,4,45,11,2019,0,5.31293493,391960
1403,11/5/2019,5,45,11,2019,0,0.354883151,393351
1404,11/6/2019,6,45,11,2019,0,-1.160541094,388786
1405,11/7/2019,7,45,11,2019,0,3.329595201,401731
1406,11/8/2019,8,45,11,2019,0,2.19749036,410559
1407,11/9/2019,9,45,11,2019,1,-4.762287515,391007
1408,11/10/2019,10,45,11,2019,1,-3.9748649,375465
1409,11/11/2019,11,46,11,2019,0,6.866951647,401248
1410,11/12/2019,12,46,11,2019,0,6.799286227,428530
1411,11/13/2019,13,46,11,2019,0,3.947914965,445448
1412,11/14/2019,14,46,11,2019,0,-1.427327095,439090
1413,11/15/2019,15,46,11,2019,0,-4.920175818,417486
1414,11/16/2019,16,46,11,2019,1,-4.586501104,398338
1415,11/17/2019,17,46,11,2019,1,0.837479728,401674
1416,11/18/2019,18,47,11,2019,0,5.209697416,422600
1417,11/19/2019,19,47,11,2019,0,-1.659015618,415589
1418,11/20/2019,20,47,11,2019,0,0.463919882,417517
1419,11/21/2019,21,47,11,2019,0,-1.848068462,409801
1420,11/22/2019,22,47,11,2019,0,0.279403906,410946
1421,11/23/2019,23,47,11,2019,1,-5.476145284,388442
1422,11/24/2019,24,47,11,2019,1,0.38744523,389947
1423,11/25/2019,25,48,11,2019,0,4.37649219,407013
1424,11/26/2019,26,48,11,2019,0,-1.805593433,399664
1425,11/27/2019,27,48,11,2019,0,0.488410265,401616
1426,11/28/2019,28,48,11,2019,0,-7.68246285,370762
1427,11/29/2019,29,48,11,2019,0,6.951359632,396535
1428,11/30/2019,30,48,11,2019,1,-0.366171965,395083
1429,12/1/2019,1,48,12,2019,1,6.142000542,419349
1430,12/2/2019,2,49,12,2019,0,6.037691756,444668
1431,12/3/2019,3,49,12,2019,0,-0.101199097,444218
1432,12/4/2019,4,49,12,2019,0,-0.445727098,442238
1433,12/5/2019,5,49,12,2019,0,-1.039259403,437642
1434,12/6/2019,6,49,12,2019,0,-0.363767646,436050
1435,12/7/2019,7,49,12,2019,1,-4.385964912,416925
1436,12/8/2019,8,49,12,2019,1,0.010793308,416970
1437,12/9/2019,9,50,12,2019,0,2.348130561,426761
1438,12/10/2019,10,50,12,2019,0,-2.072354315,417917
1439,12/11/2019,11,50,12,2019,0,6.30914751,444284
1440,12/12/2019,12,50,12,2019,0,2.182612923,453981
1441,12/13/2019,13,50,12,2019,0,-3.169736178,439591
1442,12/14/2019,14,50,12,2019,1,-9.555245672,397587
1443,12/15/2019,15,50,12,2019,1,0.881819577,401093
1444,12/16/2019,16,51,12,2019,0,10.81868794,444486
1445,12/17/2019,17,51,12,2019,0,2.393101245,455123
1446,12/18/2019,18,51,12,2019,0,0.670148509,458173
1447,12/19/2019,19,51,12,2019,0,6.678481709,488772
1448,12/20/2019,20,51,12,2019,0,-2.772867513,475219
1449,12/21/2019,21,51,12,2019,1,-6.218817009,445666
1450,12/22/2019,22,51,12,2019,1,-6.763585286,415523
1451,12/23/2019,23,52,12,2019,0,0.547502786,417798
1452,12/24/2019,24,52,12,2019,0,-3.974169335,401194
1453,12/25/2019,25,52,12,2019,0,-4.9071023,381507
1454,12/26/2019,26,52,12,2019,0,9.155008951,416434
1455,12/27/2019,27,52,12,2019,0,-2.502197227,406014
1456,12/28/2019,28,52,12,2019,1,-5.316319142,384429
1457,12/29/2019,29,52,12,2019,1,1.683275715,390900
1458,12/30/2019,30,1,12,2019,0,7.453568688,420036
1459,12/31/2019,31,1,12,2019,0,-2.154101077,410988
1460,1/1/2020,1,1,1,2020,0,-3.813736654,395314
1461,1/2/2020,2,1,1,2020,0,5.481971294,416985
1462,1/3/2020,3,1,1,2020,0,-1.320191374,411480
1463,1/4/2020,4,1,1,2020,1,-5.250558958,389875
1464,1/5/2020,5,1,1,2020,1,1.708496313,396536
1465,1/6/2020,6,2,1,2020,0,9.032723385,432354
1466,1/7/2020,7,2,1,2020,0,0.08650319,432728
1467,1/8/2020,8,2,1,2020,0,2.090458671,441774
1468,1/9/2020,9,2,1,2020,0,3.473269138,457118
1469,1/10/2020,10,2,1,2020,0,-5.89738317,430160
1470,1/11/2020,11,2,1,2020,1,-12.93355961,374525
1471,1/12/2020,12,2,1,2020,1,-2.05807356,366817
1472,1/13/2020,13,3,1,2020,0,14.42517659,419731
1473,1/14/2020,14,3,1,2020,0,-0.351177302,418257
1474,1/15/2020,15,3,1,2020,0,-2.42745489,408104
1475,1/16/2020,16,3,1,2020,0,3.995795189,424411
1476,1/17/2020,17,3,1,2020,0,7.886223496,457881
1477,1/18/2020,18,3,1,2020,1,-1.919712764,449091
1478,1/19/2020,19,3,1,2020,1,-8.064957882,412872
1479,1/20/2020,20,4,1,2020,0,10.34218838,455572
1480,1/21/2020,21,4,1,2020,0,2.39259656,466472
1481,1/22/2020,22,4,1,2020,0,-2.894385944,452970.5
1482,1/23/2020,23,4,1,2020,0,-2.980657681,439469
1483,1/24/2020,24,4,1,2020,0,-4.458562492,419875
1484,1/25/2020,25,4,1,2020,1,-4.021673117,402989
1485,1/26/2020,26,4,1,2020,1,-3.24177583,389925
1486,1/27/2020,27,5,1,2020,0,8.727319356,423955
1487,1/28/2020,28,5,1,2020,0,0.824851694,427452
1488,1/29/2020,29,5,1,2020,0,1.187033866,432526
1489,1/30/2020,30,5,1,2020,0,2.583428511,443700
1490,1/31/2020,31,5,1,2020,0,-2.135451882,434225
1491,2/1/2020,1,5,2,2020,1,-7.341355288,402347
1492,2/2/2020,2,5,2,2020,1,-2.045000957,394119
1493,2/3/2020,3,6,2,2020,0,4.268254005,410941
1494,2/4/2020,4,6,2,2020,0,1.072173378,415347
1495,2/5/2020,5,6,2,2020,0,1.281579017,420670
1496,2/6/2020,6,6,2,2020,0,3.090070602,433669
1497,2/7/2020,7,6,2,2020,0,-0.583624838,431138
1498,2/8/2020,8,6,2,2020,1,-3.721778178,415092
1499,2/9/2020,9,6,2,2020,1,-1.843446754,407440
1500,2/10/2020,10,7,2,2020,0,4.323581386,425056
1501,2/11/2020,11,7,2,2020,0,-1.282183995,419606
1502,2/12/2020,12,7,2,2020,0,-0.931826523,415696
1503,2/13/2020,13,7,2,2020,0,3.132577653,428718
1504,2/14/2020,14,7,2,2020,0,3.032529542,441719
1505,2/15/2020,15,7,2,2020,1,-1.143487149,436668
1506,2/16/2020,16,7,2,2020,1,-7.84280048,402421
1507,2/17/2020,17,8,2,2020,0,0.931859918,406171
1508,2/18/2020,18,8,2,2020,0,5.57449941,428813
1509,2/19/2020,19,8,2,2020,0,-2.97495645,416056
1510,2/20/2020,20,8,2,2020,0,5.498057954,438931
1511,2/21/2020,21,8,2,2020,0,0.412365497,440741
1512,2/22/2020,22,8,2,2020,1,-9.758111907,397733
1513,2/23/2020,23,8,2,2020,1,49.81218556,595852.5
1514,2/24/2020,24,9,2,2020,0,33.2497556,793972
1515,2/25/2020,25,9,2,2020,0,-49.12074985,403967
1516,2/26/2020,26,9,2,2020,0,1.705089772,410855
1517,2/27/2020,27,9,2,2020,0,2.895912183,422753
1518,2/28/2020,28,9,2,2020,0,2.879932254,434928
1519,2/29/2020,29,9,2,2020,1,-4.800334768,414050
1520,3/1/2020,1,9,3,2020,1,-4.08404782,397140
1521,3/2/2020,2,10,3,2020,0,1.778717833,404204
1522,3/3/2020,3,10,3,2020,0,-3.042028283,391908
1523,3/4/2020,4,10,3,2020,0,0.367943497,393350
1524,3/5/2020,5,10,3,2020,0,0.117706877,393813
1525,3/6/2020,6,10,3,2020,0,3.792409088,408748
1526,3/7/2020,7,10,3,2020,1,-6.843580886,380775
1527,3/8/2020,8,10,3,2020,1,-7.902041888,350686
1528,3/9/2020,9,11,3,2020,0,7.301118379,376290
1529,3/10/2020,10,11,3,2020,0,1.630657206,382426
1530,3/11/2020,11,11,3,2020,0,0.602469497,384730
1531,3/12/2020,12,11,3,2020,0,2.425077327,394060
1532,3/13/2020,13,11,3,2020,0,-2.373496422,384707
1533,3/14/2020,14,11,3,2020,1,-5.826772063,362291
1534,3/15/2020,15,11,3,2020,1,-2.337347602,353823
1535,3/16/2020,16,12,3,2020,0,10.57647468,391245
1536,3/17/2020,17,12,3,2020,0,0.922951092,394856
1537,3/18/2020,18,12,3,2020,0,-4.559890188,376851
1538,3/19/2020,19,12,3,2020,0,0.864001953,380107
1539,3/20/2020,20,12,3,2020,0,-3.216462733,367881
1540,3/21/2020,21,12,3,2020,1,-6.506179988,343946
1541,3/22/2020,22,12,3,2020,1,2.45096614,352376
1542,3/23/2020,23,13,3,2020,0,12.2956728,395703
1543,3/24/2020,24,13,3,2020,0,-6.198082906,371177
1544,3/25/2020,25,13,3,2020,0,0.817130372,374210
1545,3/26/2020,26,13,3,2020,0,-5.042088667,355342
1546,3/27/2020,27,13,3,2020,0,-4.386759798,339754
1547,3/28/2020,28,13,3,2020,1,2.311083902,347606
1548,3/29/2020,29,13,3,2020,1,-0.848374309,344657
1549,3/30/2020,30,14,3,2020,0,4.803906493,361214
1550,3/31/2020,31,14,3,2020,0,0.039311876,361356
1551,4/1/2020,1,14,4,2020,0,-3.151462823,349968
1552,4/2/2020,2,14,4,2020,0,0.474043341,351627
1553,4/3/2020,3,14,4,2020,0,1.902868665,358318
1554,4/4/2020,4,14,4,2020,1,-8.446966103,328051
1555,4/5/2020,5,14,4,2020,1,-1.87653749,321895
1556,4/6/2020,6,15,4,2020,0,3.612979388,333525
1557,4/7/2020,7,15,4,2020,0,-0.751967619,331017
1558,4/8/2020,8,15,4,2020,0,2.234930532,338415
1559,4/9/2020,9,15,4,2020,0,4.162640545,352502
1560,4/10/2020,10,15,4,2020,0,1.554033736,357980
1561,4/11/2020,11,15,4,2020,1,-6.746466283,333829
1562,4/12/2020,12,15,4,2020,1,-2.698387498,324821
1563,4/13/2020,13,16,4,2020,0,7.147629002,348038
1564,4/14/2020,14,16,4,2020,0,-2.157235704,340530
1565,4/15/2020,15,16,4,2020,0,1.585469709,345929
1566,4/16/2020,16,16,4,2020,0,2.289487149,353849
1567,4/17/2020,17,16,4,2020,0,0.649994772,356149
1568,4/18/2020,18,16,4,2020,1,-2.882782206,345882
1569,4/19/2020,19,16,4,2020,1,-5.847369912,325657
1570,4/20/2020,20,17,4,2020,0,4.295930995,339647
1571,4/21/2020,21,17,4,2020,0,5.45448657,358173
1572,4/22/2020,22,17,4,2020,0,0.409578611,359640
1573,4/23/2020,23,17,4,2020,0,0.613669225,361847
1574,4/24/2020,24,17,4,2020,0,-0.884628033,358646
1575,4/25/2020,25,17,4,2020,1,-11.38727324,317806
1576,4/26/2020,26,17,4,2020,1,5.588944199,335568
1577,4/27/2020,27,18,4,2020,0,6.121859057,356111
1578,4/28/2020,28,18,4,2020,0,-5.216912704,337533
1579,4/29/2020,29,18,4,2020,0,2.504347723,345986
1580,4/30/2020,30,18,4,2020,0,1.427225379,350924
1581,5/1/2020,1,18,5,2020,0,-3.208956925,339663
1582,5/2/2020,2,18,5,2020,1,-8.483114145,310849
1583,5/3/2020,3,18,5,2020,1,-0.868910629,308148
1584,5/4/2020,4,19,5,2020,0,9.457793009,337292
1585,5/5/2020,5,19,5,2020,0,-1.480319723,332299
1586,5/6/2020,6,19,5,2020,0,3.740607104,344729
1587,5/7/2020,7,19,5,2020,0,-2.727939918,335325
1588,5/8/2020,8,19,5,2020,0,3.339148587,346522
1589,5/9/2020,9,19,5,2020,1,-0.692019554,344124
1590,5/10/2020,10,19,5,2020,1,-6.314293685,322395
1591,5/11/2020,11,20,5,2020,0,8.361792211,349353
1592,5/12/2020,12,20,5,2020,0,-0.779440852,346630
1593,5/13/2020,13,20,5,2020,0,-2.112915789,339306
1594,5/14/2020,14,20,5,2020,0,-0.391681845,337977
1595,5/15/2020,15,20,5,2020,0,3.406740695,349491
1596,5/16/2020,16,20,5,2020,1,-5.641060857,329776
1597,5/17/2020,17,20,5,2020,1,-4.493959536,314956
1598,5/18/2020,18,21,5,2020,0,7.568993764,338795
1599,5/19/2020,19,21,5,2020,0,-1.891999587,332385
1600,5/20/2020,20,21,5,2020,0,-0.262346375,331513
1601,5/21/2020,21,21,5,2020,0,0.437991874,332965
1602,5/22/2020,22,21,5,2020,0,4.286937065,347239
1603,5/23/2020,23,21,5,2020,1,-1.393276677,342401
1604,5/24/2020,24,21,5,2020,1,-6.067739288,321625
1605,5/25/2020,25,22,5,2020,0,5.542168675,339450
1606,5/26/2020,26,22,5,2020,0,15.74723818,392904
1607,5/27/2020,27,22,5,2020,0,4.101765317,409020
1608,5/28/2020,28,22,5,2020,0,-0.530536404,406850
1609,5/29/2020,29,22,5,2020,0,2.104461104,415412
1610,5/30/2020,30,22,5,2020,1,-11.35114055,368258
1611,5/31/2020,31,22,5,2020,1,-11.72981985,325062
1612,6/1/2020,1,23,6,2020,0,5.480185318,342876
1613,6/2/2020,2,23,6,2020,0,3.481725172,354814
1614,6/3/2020,3,23,6,2020,0,9.171565947,387356
1615,6/4/2020,4,23,6,2020,0,8.942161732,421994
1616,6/5/2020,5,23,6,2020,0,3.7152187,437672
1617,6/6/2020,6,23,6,2020,1,-3.4985103,422360
1618,6/7/2020,7,23,6,2020,1,-15.56136945,356635
1619,6/8/2020,8,24,6,2020,0,7.523378244,383466
1620,6/9/2020,9,24,6,2020,0,13.51645257,435297
1621,6/10/2020,10,24,6,2020,0,10.14962198,479478
1622,6/11/2020,11,24,6,2020,0,-4.213540559,459275
1623,6/12/2020,12,24,6,2020,0,-6.732567634,428354
1624,6/13/2020,13,24,6,2020,1,-16.64721235,357045
1625,6/14/2020,14,24,6,2020,1,-5.382514809,337827
1626,6/15/2020,15,25,6,2020,0,10.67824656,373901
1627,6/16/2020,16,25,6,2020,0,3.252732675,386063
1628,6/17/2020,17,25,6,2020,0,4.972245463,405259
1629,6/18/2020,18,25,6,2020,0,8.029926541,437801
1630,6/19/2020,19,25,6,2020,0,4.951107923,459477
1631,6/20/2020,20,25,6,2020,1,-1.044013084,454680
1632,6/21/2020,21,25,6,2020,1,2.825063781,467525
1633,6/22/2020,22,26,6,2020,0,13.2258168,529359
1634,6/23/2020,23,26,6,2020,0,-0.234056661,528120
1635,6/24/2020,24,26,6,2020,0,-6.486215254,493865
1636,6/25/2020,25,26,6,2020,0,-5.912141982,464667
1637,6/26/2020,26,26,6,2020,0,1.404877041,471195
1638,6/27/2020,27,26,6,2020,1,-7.602372691,435373
1639,6/28/2020,28,26,6,2020,1,5.696265042,460173
1640,6/29/2020,29,27,6,2020,0,6.788968497,491414
1641,6/30/2020,30,27,6,2020,0,-5.938984237,462229
1642,7/1/2020,1,27,7,2020,0,0.996475773,466835
1643,7/2/2020,2,27,7,2020,0,8.079514175,504553
1644,7/3/2020,3,27,7,2020,0,0.360318936,506371
1645,7/4/2020,4,27,7,2020,1,-9.042381969,460583
1646,7/5/2020,5,27,7,2020,1,4.439807809,481032
1647,7/6/2020,6,28,7,2020,0,11.13834423,534611
1648,7/7/2020,7,28,7,2020,0,-3.095521791,518062
1649,7/8/2020,8,28,7,2020,0,5.413830777,546109
1650,7/9/2020,9,28,7,2020,0,4.052670804,568241
1651,7/10/2020,10,28,7,2020,0,-5.212049113,538624
1652,7/11/2020,11,28,7,2020,1,-6.137676747,505565
1653,7/12/2020,12,28,7,2020,1,-2.951549257,490643
1654,7/13/2020,13,29,7,2020,0,6.538766476,522725
